Tx Hash,From,To,Value (ETH),Gas Price (Gwei)
2ee1fe11434e865f6b3b483a33bcf8c41a26800a9294bd6e15df33d151960585,0xa172577031EAfd8B03dce022533863FE988159cD,0x51C72848c68a965f66FA7a88855F9f7784502a7F,0.0,0.10391614
ef84d55739cea6e20c6ab1375ae5d21482018a1d6d1f4cb66014d5dcf33370eb,0xc6B9EFD99763cbbAb529A834B6D04137D0E380e7,0x51C72848c68a965f66FA7a88855F9f7784502a7F,0.0,0.10391614
1502e94a79ba0952fbd7cf9dd46b10793d8e76b048616294e3b24aae2147ea68,0x17fB4A31B8A468cD5Be0EA6E037781Eb5f19643e,0x51C72848c68a965f66FA7a88855F9f7784502a7F,0.0,0.10391614
befec148bc7d2c5489f47323b881746aa3e38daadb3283c657b49cf9e1de6032,0x3E781bAa78f4cA76F88374cBEEC02AB17f46996a,0x2454e17eC78C414c6Fa494e7754817630118B62A,5.7361398412e-05,0.60391614
d1e6e48e3f8e617b2ef55b2df4624cc16d5444457433b994e8d5d908bf1d50cc,0x67b2426fB1ba42c6168e53E1e40E116A4E963d60,0x2428d69b3b60a3398707E1Bd0C0d7ac399093791,0.0,1.10391614
91d59b9a9469a72ae3312c9b879c43bcd8b9eb68bdd77f91c7d3d688d19d3a6b,0xC0250a2CB132Da27cDec1cb91eFc1066826F3213,0xdAC17F958D2ee523a2206206994597C13D831ec7,0.0,0.70391614
20274783214370c3fade7d86ad532ca0a3336db457717732d39a7b262939b04b,0x7e7827E41ab5D3CC52c3B8Cd7ea55f5e08ce5B53,0xcecDe058B830BEa11BE9035AbF761e6204E0Bdf0,0.000521847130101708,0.36271614
51c00a69e844854f8601d3329de1cb8417eb876ab421d5cea67a20291f74623b,0xEe308F2fF5a9Ea723F6EA36A30715EcF6EE7957a,0x04054947eED3488CE341BF6807a02131082A701A,0.10429823,2.0
b921c8d78685238e6eb38f9bff18250a059adf47b2a80b3f2943be3f6a124bba,0x0C39C46b7c819BCB6EF4dc4ed182Cb3DAA31F3ac,0xBdab94Bab97009C6c82c0B4b6fa7D0a1dD667F73,0.000195,0.30391614
848976ad983dd12167bbe1c4fbf472085d5275a85161975168e53447e9dbf8a9,0xA465cDA91D608e24314c9E1148464b78Fbc51b98,0xdAC17F958D2ee523a2206206994597C13D831ec7,0.0,0.36271614
aad05c7fb4a51cf2642db6a042b6117d62d6c8936e0415d2934ef0a69a5d8ff9,0xBFCa0c3C4a9e38Bab2C4DC00Cc31899ebC8B20E8,0x66a9893cC07D91D95644AEDD05D03f95e1dBA8Af,0.15,10.10391614
fc10e64f2ded850499dd23985d5872fdfbb1b451c73dc3706fe78507f387841c,0xcF57BFBC6e4aCDa88147634148aB17Cbbe875ee4,0xd7ca08eC1AEe9ccE8a8eDa9365343eF197674e1a,0.0,0.127297271
abdbf3a1e1a7f95b03d645b2960200c6026a4bf6438cc002c0712047c0c32629,0x28b11177aE30E0589142ABbA7F564888b965A430,0x9B735349d677bc124265C71f31bca50b86135268,9.6244767321804e-05,2.10391614
75b47979d74ce222f37871c21e506f5d52ca30cd996394c83c0db53ac8da6fe1,0x37775ba6874f0Dc430836A8e609B3a74C8365409,0x5082d863eBC22F09690F5F4fB01184B2dfd57565,0.31289468,2.0
21baa8bafba240c6048629b1669266480304616acc5c952a11147617030f3d3c,0xB42F812A44c22cc6b861478900401ee759EbEAD6,0x3193423eE1317Eb1B1791023510280246a25692e,0.00023977011599901,1.10391614
3222010b120d193661bc06f12bd4847fd029464b03a53a6d4b09d18a7c6656b9,0x3193423eE1317Eb1B1791023510280246a25692e,0xA0b86991c6218b36c1d19D4a2e9Eb0cE3606eB48,0.0,2.203916141
eeb348abb3a2e83d243a7817ac861d807479e78ab02f8b3054b9b5144c185acf,0x3193423eE1317Eb1B1791023510280246a25692e,0xA0b86991c6218b36c1d19D4a2e9Eb0cE3606eB48,0.0,2.203916141
44ab012066aaeb0bacff2eeffe83ce3b4113980ee540410efa27fa6b9918761e,0x2667a799A27B777C6d3B62071aD9B434079B4Ed7,0xE66b3AA360bB78468c00Bebe163630269DB3324F,0.0,2.10391614
cc423b24068bd026120f0c31ac0b574d4e8351b3b8eb87a34caeda7ac2e6efb8,0x2667a799A27B777C6d3B62071aD9B434079B4Ed7,0x0439e60F02a8900a951603950d8D4527f400C3f1,0.0,2.10391614
6bb175953e03fd8426134536b1a493743dad273a64e115038d47b6230a626541,0x0E62A26CaFcdEB40Cb2e1b9622fE6E156Bb8617F,0x8574b815093d8ABfD803DDDfb54c3B1293f6c8B9,3.51e-16,0.10391624
09386d52400d27bad0e341404a0141d5544e6708c71ef2924b2ef2356866f19d,0x28b11177aE30E0589142ABbA7F564888b965A430,0x2002623139560a80F60CF15EF2AB34543047bc47,9.6244767321804e-05,2.10391614
9ac800b11c355b0bc1a3c405af41071311cb1e8d6275a725e1941e473b96eaa9,0x88880De439BAbf4Ce0AA60b81B3a91De9Cb5F495,0x88A409734e5997F1fDA972CB1BB577E5b88c19dA,0.0,2.10391614
4c07c29f6fbeb48f718eaf6abff3be8bd8165318cf6979933b9c104c6da56132,0x88880De439BAbf4Ce0AA60b81B3a91De9Cb5F495,0xF12A9C99f73ca203ec3B956E479a9E8F615C8e5F,0.0,2.10391614
03b1b8ecd2b489b0aaa84d286bc8693b9f7f92e7de793561ae62c4a73dc5ed8e,0x28b11177aE30E0589142ABbA7F564888b965A430,0xED34250D3C80E45631B2897B4099e9f1f2f32e82,9.6244767321804e-05,2.10391614
c4efdaf85d50ac7dd9383e2117c92473026657b741be2b5b8413fd1154451178,0xA5a5491bCa93dD4C076e4906e79E7673F4A5A142,0xCcC88a9d1B4ED6b0EABA998850414b24f1c315bE,0.0,0.304077138
403c943aa0715e2cb65bacae1a4390f3a88aaeaae7287d4a9a282e3e16e71c0d,0xbbabcA1794A64BA623E2b45eA25b5BD08486D887,0x7fDF66A6c576dA01734822f8C31B83f93ce45Caf,9.6244767321804e-05,2.10391614
ee3c37ef2aa7f75c4f30a320638a321f91e5d392c0bb3d9a53e2e3e526885862,0x7830c87C02e56AFf27FA8Ab1241711331FA86F43,0xA9D1e08C7793af67e9d92fe308d5697FB81d3E43,0.0,1.0
4ea584a1af980bfaa98a5e5f0842181e8a0ece0f6726f44db379a9a77c288c9f,0xdd3d72C53Ff982ff59853da71158bf1538b3Ceee,0xdAC17F958D2ee523a2206206994597C13D831ec7,0.0,1.0
1f1e77eb94e3841b6c7ad64652ece7f44f1fc4917af29ccb3e342fabc600b413,0x3c9dF24f248ff949161A5a43BBf6dd69378D7799,0x50f41F589aFACa2EF41FDF590FE7b90cD26DEe64,0.0,0.97121614
df9d49c4acf1270b8a9a056603614fbf4f8b20d3f7dce0a08810280d716ae9c9,0x3c9dF24f248ff949161A5a43BBf6dd69378D7799,0xB0076DE78Dc50581770BBa1D211dDc0aD4F2a241,0.0,0.97121614
f6cd0c6b810dfb58f8003a1c759c28ad2eaacc0a7a65f3483461dea4787f8d0d,0x0D0707963952f2fBA59dD06f2b425ace40b492Fe,0xdAC17F958D2ee523a2206206994597C13D831ec7,0.0,1.10391614
7de63242cea35ecec665559408b88d317a371bb6e262fd3901571b469f5b3dca,0x9696f59E4d72E237BE84fFD425DCaD154Bf96976,0xdAC17F958D2ee523a2206206994597C13D831ec7,0.0,1.10391614
c976ed4f2b1da432c0e7efb66587033cad7f5a012a36e72831888c460ef15bc4,0xf89d7b9c864f589bbF53a82105107622B35EaA40,0xA0b86991c6218b36c1d19D4a2e9Eb0cE3606eB48,0.0,2.10391614
9524d89ea54092f28defc32b11ebb077aba2badced94e25de9533aa6cc1177b9,0x6CdB7776f6a20B9ed4441b791e9541a6fc04e313,0xA0b86991c6218b36c1d19D4a2e9Eb0cE3606eB48,0.0,1.530342863
ba02ebde3abd04dec861225499c31b7ba8bd2af367782f799dfa2682f32b7412,0x05ff6964D21e5dAE3b1010D5AE0465b3c450F381,0x2744dfD9898f0bAbbC570cC594Bbbc84b487a22b,0.0,2.10391614
9a75e9d90cd1e7647eaedc420b48cfe1e4c6cdaf56dedb5d329393432d6bb4b9,0x28C6c06298d514Db089934071355E5743bf21d60,0xEe7aE85f2Fe2239E27D9c1E23fFFe168D63b4055,0.0,1.10391614
5a52fdb643e8875a5e2a8848c8e069cc1bd250c54d7d61792ba4a1e5bd21db92,0x28C6c06298d514Db089934071355E5743bf21d60,0xdAC17F958D2ee523a2206206994597C13D831ec7,0.0,1.10391614
a8b36ece94e36ee648ce30e10186aef755509367dc2a124dda8dd34e889fb590,0x489B27b44eC821Ba8782045A2671dEe433266f2c,0x56a5908a0A40bF592A6314B4af7e684Ee0E30A45,0.006788,2.0
c7ea477a67985b4d8dbe5498b5e4fe0207111fc112b00bbe765d6b9ec2b65aa3,0x1E3eE8E9a55c0A8786951D0b1793A64f334d96d9,0x69460570c93f9DE5E2edbC3052bf10125f0Ca22d,0.0783,1.0
d360211c28019a7a304f58e838c06bf76975531cee8f37ca12c8350a5cb4730b,0x7FBC38Aab9484CD056Dd1f7C2317c53565fB0618,0x56a5908a0A40bF592A6314B4af7e684Ee0E30A45,0.5789125,2.0
6eac8d17df18a668a6a915356510240b5c92fe9752875c47635f8c04f71b07e0,0x7830c87C02e56AFf27FA8Ab1241711331FA86F43,0xA9D1e08C7793af67e9d92fe308d5697FB81d3E43,0.0,1.0
af77e28de7512eb0db2ac184786cd1ef098530efe171d057e02abe2c39f2cf29,0x28C6c06298d514Db089934071355E5743bf21d60,0xEe7aE85f2Fe2239E27D9c1E23fFFe168D63b4055,0.0,1.10391614
d0db0cbcf5f5834159766285489e5e2d22eb97060b677ed1cf522346c7a20209,0x28C6c06298d514Db089934071355E5743bf21d60,0x031De51F3E8016514Bd0963d0B2AB825A591Db9A,0.0,1.10391614
d5a2d5208b8d32db1169e0b592b0d85cd81d80fa96dd5ca7232d8288c509b621,0x21a31Ee1afC51d94C2eFcCAa2092aD1028285549,0xdAC17F958D2ee523a2206206994597C13D831ec7,0.0,1.10391614
5a05ff34fee91c3284523855c50140e7553b9302e7dc23dbd5d94b25dcfa1d63,0x21a31Ee1afC51d94C2eFcCAa2092aD1028285549,0x56A3BA04E95d34268A19b2a4474DC979baBDaf76,0.0,1.10391614
e1639ce89499521c81b26178842f3cb04505d2f50e8d3cc9fb501eaa90888ee0,0x21a31Ee1afC51d94C2eFcCAa2092aD1028285549,0xdAC17F958D2ee523a2206206994597C13D831ec7,0.0,1.10391614
5f347bda2b5b5af85c8432296ffa0323d5b2eb810b85cd1c345235fe2fa1e787,0x81720a661dA02D30B3Aa5D642B9E57Ff56d5C8eE,0xD036f17315D159B48cc154bBc70aa4FA06210DE9,0.0,1.20351882
22e106d019bc83d66c43b926a75b7ddea47b029d16d43b5b4ea507bb0ad88721,0x81720a661dA02D30B3Aa5D642B9E57Ff56d5C8eE,0x4313C378Cc91eA583C91387B9216e2c03096b27f,0.0,1.20351882
ec9123d649c311671e619ad3a123abb1301dd03c5b0539039bb000d6dc93df2d,0x00003f0B7045822689cE3A6118846218A2C22cFd,0xd862CDcfEB856C32B3C4F7563f4811D8Ddfd42e2,0.000187639752524015,0.10391614
cff38563af6236b1c2b7d42628fcbe97b726890eb7fd7511c3b9b12f4cb1351c,0xDFd5293D8e347dFe59E90eFd55b2956a1343963d,0x5707008748EFe264d7b35D39a86681AcB778FDe7,0.1085213,1.10391614
05e29ecd144e79b4fee9ae9aa4ae879aa80ce5618c333e80affe0aef04cefaed,0xDFd5293D8e347dFe59E90eFd55b2956a1343963d,0xfc82bb4ba86045Af6F327323a46E80412b91b27d,0.0,1.10391614
7c243a022f32d40a661edf0ade235c822d3b1cd8dac4ec7e1542e66ba08e2c4f,0xDFd5293D8e347dFe59E90eFd55b2956a1343963d,0xB528edBef013aff855ac3c50b381f253aF13b997,0.0,1.10391614
0162c263cfa34d211928793a3f053a5429a6e35a96b93cd5301e98f5cc1f1da0,0x74dEc05E5b894b0EfEc69Cdf6316971802A2F9a1,0xdAC17F958D2ee523a2206206994597C13D831ec7,0.0,1.10391614
e66dc5586c6834420bf0b5632064ddb5fcd02b60a9a2a60eadb55f97a4ccbbe4,0x5b99961dc2a628667B5578681Ae5174EeD8daB7F,0xdAC17F958D2ee523a2206206994597C13D831ec7,0.0,1.0
02fc946c9e00f07acdef8f6a3b4b7b917990a84a78bf941afc4e03d7a19960de,0xde261feB1a0Ce226F8f4a94297F5f908577dEf33,0x18901044688D3756C35Ed2b36D93e6a5B8e00E68,0.0,2.10391614
4abc785560b459d9fe058c80da2a888f46a61da5bf2eaf9eddfb34aa30aede21,0x99858C5f2668A972419a4C6be3870f988cdc25Ed,0xDD68aBa3E04CB1a05082402B9325753314803005,2.6630319833714e-05,0.70391614
aa03e74b0f9609e0ce0684dc23f27573771956f286f36df33915f76e4df329ec,0x1BACe4E6593f8B31d7f9cf70e3E396dCA4674F56,0xdAC17F958D2ee523a2206206994597C13D831ec7,0.0,1.0
82a9e1e7f8031222a4eb84e91bd075e88ad49c2eb4ecd6dadd3c320947e74a23,0xEbA88149813BEc1cCcccFDb0daCEFaaa5DE94cB1,0xDF2a83f6453c1961B4226f9448cc79256cc5b213,0.10203944,1.0
088e8b96c956aa19470582c0dc81427fdb16cf7e3e462baea40ea27db4b24bbc,0x611dd7e2DAF7Eafa3687f1E98c48aA54776D0760,0xA0b86991c6218b36c1d19D4a2e9Eb0cE3606eB48,0.0,1.16498758
19ea6936e5942ac309527e778e065769c7f97be811de7ff720941f0b0e6adf77,0xaeD3531A14D800C50E6506Fd8905CC8d08d26A36,0xdAC17F958D2ee523a2206206994597C13D831ec7,0.0,0.36271614
b76d1eb0697e94d1dedde70fbcd5135b6d106da552ac300b43066782f04553ec,0xca7ded7e4F4Ba8aB3B10009236Ae6d1b95094589,0x039d1f9a934d4C3dD927E8B5DA0d49e797c3077B,0.005158043577216006,0.304077138
562825eade8acf97153f0678e075d7fbf8a7f3630c495246c1e68fdd5effe8df,0x3efc864B65a9718Ee765F61F093a3eb0b1963CBE,0x470Ef502bFC777bfbc3649ee7c2722a298141EAE,0.000195,0.30391614
232f99f07509206c8d8747f2a1094d4fd7b7b92086e001b57ae9a3e11a7057bd,0x5D870D006fa8dce8dA85023D955Cc50e1b4Aad93,0x09fE2FaE2C7ceE7C1564BC40B62Ae46B1f8B278F,0.0260923565050854,0.36271614
84fc7b95cef3b0bee574fcac37ef3e8e8664fd8def922ee1225b1c4a222e5b9a,0x9351ca9d2C65d2996C19febCab96d77a12f25491,0xA0b86991c6218b36c1d19D4a2e9Eb0cE3606eB48,0.0,2.10391614
99bfba2dc14262b10ec7d87d486ffe628ff633b9ab5ee4ad2c1abe85ebcfa3d3,0xB02C6C40a798184d5E012fbB1dc698977671F8fC,0x3a5cc8689D1b0cEf2c317bC5C0aD6Ce88B27D597,0.0,0.5
7f166e1c8250fd52cc4029ca805ec83f638b0d1d952bd18b080d4ac8a4e97793,0x062d9B5b6840C4a94d306ec3E65Fb43fff17A5f2,0x44b28991B167582F18BA0259e0173176ca125505,0.0,2.10391614
cb3d08942ab1c6a7565261138981c23a2bf71b7b577582cc1ed2bea6a7150aa3,0x209f56a21b7E5329AC9dBf5F8C2cdd3078910716,0x111111125421cA6dc452d289314280a0f8842A65,0.0,0.20175941
b528180328035ac36842972a75eb689dc03aa68bbeda3c2397c146119c8a6c0e,0x1444C5106195A6922D2612107E57858775Df256B,0xA0b86991c6218b36c1d19D4a2e9Eb0cE3606eB48,0.0,2.10391614
05e7b73c5c88cbad23632c7bbfbc9607a30b48c5e4fa9ba7058bc9b148f1093d,0x79E3f7b42C51cc4CB8B1FDD51F38D3aD317f0e28,0xECb92Cc7112b80A2234936315BbB493fb48d1463,0.00726,0.205796328
a57844da9d796c7d926acae052daf83ea6e705a998cd24a016758b5fecccaa98,0x52e10582419AA2E4126066A8F05c19F7832830CB,0xE592427A0AEce92De3Edee1F18E0157C05861564,0.0,1.60391614
1adfbe7d084f03c639eb3f0be6434b00708ee8d95534fc5991d6f6bb637941ea,0xA32d087B22E6984FB13CD4a1e4ebD15c258d69E1,0x94e825e5F5c174165D037e9951C4eC23A8049855,0.09,1.10391614
8b3d41be7e307c7b04ea4f6c99396fbb7dadf30466eb10fa38a61d7cff6821e9,0x266bd347a692776ca1a4C165d4Aa03e167274aD8,0x00c7Ca327f975b96e0c26CbcF3dD3E657F7B1Bd4,3.46111861599302,1.114366108
fed3b81f868bcfa3091e29ba786e99d0bda590809b2d0643176f9e4567fcf85a,0xf77963CA1e8933837F7e530eF22b461d18f21FB7,0xdAC17F958D2ee523a2206206994597C13D831ec7,0.0,1.152639115
2293c7ab704db589bc25b7581c5fba0168e27369bc27d15a57fdb576a6e85e6d,0x10811Eaa409F17A7a94af905F8A480bE17F2D8aF,0xCB1f241E557F52F0ac7BbAc22B6d8D93d4591ac3,1e-09,0.154021669
313f0020c54bda72d697dbfac59d19aea7428764bfcf45994d36d2ad2cac5508,0x981294d9e5C9D03da4fC27997824b71352F5a53D,0xF621e5a17233C4088D6Fe06068caAFD88754b602,3.87228637345e-06,0.154021669
febaf2a288e77f1b3d0e62bd7f5572bc7051c6195cece9335439154c7457d005,0x1E3790c3b9d06A9bC29b4319a2e3Ae645d9C385c,0xdAC17F958D2ee523a2206206994597C13D831ec7,0.0,1.696562098
9562341053ce4ba0bdea6ef9d91cf69a653069d446d6e2aa29aa2674aed2c1ec,0xc1D09c27a7B1Bf7ab1b5a18bc6a06362b48642d3,0xdAC17F958D2ee523a2206206994597C13D831ec7,0.0,1.10391614
6b0818245ea06ccaab8b60972d0675add0faa0e9ed4e7d3c64299af1f871fd40,0x6223b093620f16650b96D65360Ae2882ffeC8458,0xdAC17F958D2ee523a2206206994597C13D831ec7,0.0,1.10391614
b24c2353a4b81fdca7be925c045b43b383b67c08f9138e18267e94dafc28a405,0x9b1638497bCA6043E540a0b8AF0adc994cA8461E,0x81221A6A5b2BE7Fe4489a80771098E30eAB0fA48,0.000521938362400933,0.358131316
d8924d982dabeb956758aab189698e838eed82b41892eb36c6c4601883ebe433,0xd71f4423e097888aF07E2CEac0E71b9a43f64A1f,0xdAC17F958D2ee523a2206206994597C13D831ec7,0.0,1.10391614
bbe888ae83d806ba5b529e4b83c6400d22970ab7f722d0e1e308bd7af813ca14,0xa9aC5f9cBaf10e25c642e7892256c3f4A3204573,0xA84F4c8ba92171a9362641E21DDE558eB79676B8,1e-09,0.154021669
5fba1d82392c6f8ae91afa5c035401aaa9790a95c8face6a0f63a99870c50986,0x776babC8E89093e3766E051462231E5287Ad937e,,0.0,0.11191614
9f337ec4ae5e95a101648bce1a84c61f6fc43b5414adad099876619dce4c283e,0x4505B47b0A55e095213605119bcc58Cd9d609a55,0x7D326FEB5D0f2b6b77dbf3e1E0d2ff3eFF2516bd,6.483786e-07,0.218283582
a788e6cedc3e9789ee680daacee4dae16995f19d628fbc55d4ca899e7017d6e2,0x2231B1F49cFeF470Af1A480B3997bC80C84EcF16,0xdAC17F958D2ee523a2206206994597C13D831ec7,0.0,0.395466088
bc5a5fc259e867d1b8b9ca0e42eff6b7f85b79fb32c4fe2f992093760b3f60d7,0xf63Ed07FE32b617095C942a961c7c49D50aF5CCF,0xA0b86991c6218b36c1d19D4a2e9Eb0cE3606eB48,0.0,0.15821985
dfb47869fc9ec64a46464cff5fcd536cf85ba91ad59dbd33376de2fad9fa80bc,0xA1e17BF9396de3779857371De2bC9A2E66e91D92,0x111111125421cA6dc452d289314280a0f8842A65,0.0,0.146235279
392ec5442a4bb1619bb2033a3a2bcf78dcf04db1a72c295b50b812e185976354,0xcac7A7AF84214b02FB36f728980DbC56256aE143,0x571775055BBAfC39B0c6b37A1Bf41e59A2de1Ca7,0.001826338955876488,0.144078549
418eea63b95542fa32148028e82a3cd8591f15058e6bcec02489e934b7779ca0,0x8dd1F90341d15aA18796e9a113F3663d8994AFa1,0xdAC17F958D2ee523a2206206994597C13D831ec7,0.0,1.0
a8eed8dbe946aa80837e817b271730ff4e58abab76a8539a3bede032a47aa137,0x4946970752543c6572b6458269Bf63A5Da6F48c8,0xb6bE269F3D9B6847C300472C670D87bA8086dfdA,0.008651642698668279,1.122111292
f8b8c853c0d69c058085ba1f603f4f06cf3294e06029eb4a198c0e312e07abd4,0x9cC195Ed0503107d17cFDB4D8F172A2b0454F113,0x08Fc55628ec84f56c24954be1E725fAA406a4CCc,0.0002116129291965,0.266856082
6c2916619ec10a9d949a94726f7fc9255b74a9e55e991529b257484f015a4c7d,0xBe0B407782a7599380Fa726db315340126d62229,0x4D2fB5F8Ec243fde4DF1A9678b82238570c7E0E4,0.0,0.190932176
114223e161eb1a0cd69a6d2f6daa1a66bd0a0b97ba8ca9f7af7ea37a1ca9868d,0xA657d30bcCB72be9d1ff7009285D7ED05ea4F2a1,0xdAC17F958D2ee523a2206206994597C13D831ec7,0.0,0.188586111
b4a92d1ffa51d2989b3a145fe11725db741b9a312569b24984216e89fa21d0fe,0xC4F2C9636c7F570a3D0F67526aB64d54AC194d1d,0x9BCE2b2EDc1AEeAEf75ca27517267A4D4dDb4066,1e-18,0.15391614
d8e9825f3f357754d0a7968c431d5109d7b373e48bcff80eec0493b4cf3c14e4,0xC4F2C9636c7F570a3D0F67526aB64d54AC194d1d,0x9BCE2b2EDc1AEeAEf75ca27517267A4D4dDb4066,1e-05,0.15391614
27135f2d733156f74073a6b11c09c6d1ac138fec527b703b7f2ef5e5c311a3ba,0x67b61420875E6cC72D3Aa6a5dA461429BD83a50e,0xdAC17F958D2ee523a2206206994597C13D831ec7,0.0,1.10391614
515c7d6966975241f107ebb35d3660683cd8b85dd66c92d27316e0c9532fed41,0x91D40E4818F4D4C57b4578d9ECa6AFc92aC8DEbE,0x32353A6C91143bfd6C7d363B546e62a9A2489A20,0.0,0.97121614
d396c545fe0d141040bab56b257a3cc0f359c50544fcb37e2ee5fffa8f35838e,0x7920b3eFC18DdCECEe4CC04eda3A60f5A2070044,0xdAC17F958D2ee523a2206206994597C13D831ec7,0.0,1.10391614
7a9efd3adac045dbc87c82a07118ac5ad41c076b2799d13f874fa05083249343,0xA13DCeE93c47eA01E9ee43B0487FB26273522344,0xfAda78bf881cE25f7b842A0d86091C15e5Cba953,0.0108751,0.22391614
c80877bbf41c6739012bc47839789801a5baff1f9ee3e7ebd727406c3e06d9c6,0x55823001c8cd87a6E86716ca768BCe51f2D89c9C,0x6E2a43be0B1d33b726f0CA3b8de60b3482b8b050,0.0,0.97121614
e65304c310c41989fabf4bc9d01355a361f01159f75f02e10bc8bf4576089e12,0x58a059b6051bEb20EE5816536E9232627E0cd8B6,0xdAC17F958D2ee523a2206206994597C13D831ec7,0.0,1.10391614
a91d271ea07f2bb88db824dc64b332a8e8b396ae3547102ae3184b4dee1c5afa,0xD07B848e78735EC007d70478362B2D749edF318F,0xCBD6832Ebc203e49E2B771897067fce3c58575ac,0.00060061082641288,0.125219401
df3e68d00b1bb98af0e74002691cdd6338fc549de293d5885a7d96430a590c9a,0xe37f7c80ceD04c4F243C0Fd04A5510D663CB88b5,0x3E368B6C95c6fEfB7A16dCc0D756389F3c658a06,0.0,0.154699106
f949349e4e24246a16203b68c0f28ddaed33c8bbe2a79dbc42e828bcd1514323,0x9642b23Ed1E01Df1092B92641051881a322F5D4E,0xfaf17849fb05a11a4E233f221bAc99CA43Fc83f8,0.0,0.143219002
ef7a66eadf208466d39d3ac802a960d1bf8374a90b979ffc974c774714d4b76e,0x06af1a5E77491069f93BC99359187FcCb2088820,0xdAC17F958D2ee523a2206206994597C13D831ec7,0.0,0.137412665
8eb982972e7cb868b2c67ae4797fdc0a607c5362d1792dc39a74d67a4831e1c4,0xC511d6ED0a26FD40428323Ee54FAaEd4c67342C1,0x8ac7CCAC8dbedc9BAE58003dd3dB6A15Aa067A4a,0.03387060397821269,0.11895614
82edd1cd0c4ce02d712ac830b55f419d61260724580cbb496f9ba7a2401e81bc,0x9BdE4771e0586b3bCE39A15d680b2e676466b4cB,0x259bcF4cfb6bfCC4ED48BeF5CFe46f3Ea8b304c9,0.0618,0.124546649
f0ab7c42895ac5ba62c25c5a51c5c5e05364f90a469ba2e143a39d3897c4b903,0xC0a5827704706392420304b3CcB8fd4D9f5d1F80,0x64c32eB3A4B4c33Dc6CF94E89A5542Dd30C99b3a,0.0,0.25391614
a844c2e7eb88b049debd244e39fd7cda381c40c6ce87c45255e184ee3f1a2096,0x72B2A07Ea578CC92f9024BE2501C7F295f227EC2,0xb1690C08E213a35Ed9bAb7B318DE14420FB57d8C,0.016,0.15
63a9c32e361cb0128213ed2ae10684934906ed17f52e948cecbfaaf356d0514e,0x06254c1e77a77027293b65B4c0A4A41AbA6E6734,0xB139aE7ACcBf5EcD421016BF1b0FACA8083B5c7F,0.000364,0.122082862
1d554bfb47b0b3e96e72c871811872650225fe2088328ec4f3763c5d02bc2c00,0xe93685f3bBA03016F02bD1828BaDD6195988D950,0xc02Ab410f0734EFa3F14628780e6e695156024C2,0.0,0.154699106
784c89b75ab82cbdae7a1ee841f3ee6f69929f84732465bac0331fb25b45c604,0x9D9D25BAa4DC2cC41B7866bF6BBa079E7Dd8A111,0x111111125421cA6dc452d289314280a0f8842A65,0.0,0.12391614
970e8334634d7cf1ad2540cedaa971ebeca2f508521d19b5b2f3c44d01fbeaf0,0xE6ABAaB5ce45531457dcfC45635E1edC123AF52B,0xa2C5fF26F8B42584B529d85957663092cB0cfd5b,1.02e-05,0.11191614
f5d134f14f9acd9a5be9d1c1ea5f4515e6d3e3b2a72ea84800f25d964343b521,0x59238C30e17a5E4Dd2F921159d3A7f209eFa30B9,0xEF339FC657a0ecF002fc7038bB6ad6D78e86C8Ab,2.598970404e-05,0.11391614
2751dabf2e38e6ce805d056a54bd43c22906664f27ad62ee010c4ab54a0e6ffa,0x8b40035F31907F326910539284ba2aaF64e90a27,0x68b3465833fb72A70ecDF485E0e4C7bD8665Fc45,0.0,0.16447378
6607b1d92eda7cb04b4d1a9cd914a3cbf276cb540d34160541e584f156e72ae6,0x03EE3676e94792BdA828df36b7d14E7c49DB910b,0xAD958C4c0c90bf0216e0f5472F074a9AB30f595F,0.0,0.70391614
79e8dd5b08af9980bb59f440b1e6b684fc01144ee420b5f2ed28bb8f58504aab,0x530fD4E08aDaC822AfAeAfF016B47ac543c4Ea25,0xBab51Ed977D349Dc44608D482d5c651C9E7cF689,1.02e-05,0.11191614
0a7de75c027b18292b840e10243f3a3c36e21a27d0dbd241a14cc081cfd94615,0xA6F886a1237b8Ed148B8799318e66cdd65Fd656c,0xDB7d84e2581FB194E45f3FcB80d511ee2A178130,1.02e-05,0.11191614
a22978fa5c46e13f82d5de0acf95e1f30b8f62610cb99ba9816ff3e64466ea4f,0xE600AdEbc0CCe3bfcCf3674D7bB297a4B80B71EC,0x9d0603AEae45f4A95Ac4362eDD3B4551962be5AE,1.02e-05,0.11191614
c113c206502da148a926c319aea99dab3f6c6581f5b81a9c97b227a4bfb56dd1,0x9BfdfEC331cb7308b649868708CDE9687B4cA2a8,0x50F3eB0f956d659f2a1D4c3Ac57C3dD8bd6129C3,1.02e-05,0.11191614
f54fca4664b5af7e4bdaddd196e12e22ed9a3c610c0a0e9ee471506ed0352d19,0x0C1B334BEFa111Bcf0a495D4cB01a596303449cc,0x8292Bb45bf1Ee4d140127049757C2E0fF06317eD,0.0,0.117101123
38af800017e3ce0245267cc3e0703a54434f3f86b8d7c2539785bcc63a8a2595,0xE6aBaa23663a461fe795E3F52753C9aAf4762b08,0x7546Ff64cc71df6DAc61C865bEA298Da152eed87,1.02e-05,0.11191614
f4ccd9f1696a8947a9a51c190ef8509db4a869d8d8dc98c883b80f368820f3c5,0xbbBbb662CC78ffF901ec18FcbcBb885335E85F67,0xe76DEb6cfC0E5DcB4E793011519f1725F50f64ee,1.02e-05,0.11191614
c1c0a9b403852887384d25cd4b775ac082359c9c8971ecfbae095ef62ec62c01,0x1D40EADc1F8154efEDf6B2F26ec4C8CfE2157d0a,0x404Ad42E5F020B15F2FDaCA0d46E1932549b0A15,1.02e-05,0.11191614
a73f365c8190bd4380d0f914a72a7f4122f633edc667eefeb69750022a92312e,0x431F3DC31265e3fD48f7DB6B9852C8618Eb969E5,0x70639120f7D055233bF9E58f342E18867EE6639B,0.04685788216145154,0.11191614
a5a1115d7bd100052039d9ae996f35ea75f3ca1c546f8dfedd79c57f8154b361,0xA992d2830489ea7cDDe89c17a794b95472EC7a1e,0x1eaD2C8c02B9A9dAFdAa177fA80EFfdB1e1AF180,1.02e-05,0.11191614
cd1ac12fee2200bfcd1a1f275b88494d0a187436ddc11db8ba92808856d11778,0x4ef6A8679a611C54c3bC7A10689C02CC3113667e,0x2FA971E29EA0520a8b05F77Fd7E989a3dbEbEb92,1.02e-05,0.11191614
ac8b4109af59a3143f0363c00e60ced1c221241c1ca3c82e50d9a8e5292edd40,0x0B72c610f594bd2d634cA0c4cF458F7a0720B9C5,0x398e577B8729cb279314c08298273604516E8852,1.02e-05,0.11191614
db485082ece6cbc35bbefe801816900cfa1ea9c8463b7a155c4cf7003b2d08a1,0xEAa7D4760D188E8C5855D26bbF3B4a3BF765B997,0xa236544eE41858d6b4903c28f1FD915C21fB1279,1.02e-05,0.11191614
bcff6872eb2253f43f7b34333d33462060411af759cfb847c03085f09de479e4,0x3cE811501E39aaFC575B4Ae13E07e731cfA9d0cc,0x26B1Fb844799Fb53b505be2BA7dF057C5c899014,1.02e-05,0.11191614
a7d9ec7cea3340345aa5ddc4a191569e5eb91cd45ee072c46488447d247e891a,0x98A5F457b9470500756A1e38bEEAC837684902Fe,0x8968d84Dfa9f46C96C0D101276F524477Af599f2,1.02e-05,0.11191614
93bb893d1c0bffae01b713d155c29cc938a2d84df721ba9dabe6383f8cec5da3,0x493504BC29D5f2B4D436a9333b6c5922Ce8B55DC,0xa4bC91827a72da3E11098e106e2fd23ceb1C2BC2,1.02e-05,0.11191614
c2fbff970af3627c6a11cb045e088beea75968b80de6c10f09df79a5e0dcc2f9,0x0aeAA10A9D517b094C3B8ECddAE1c7085228334f,0x59ECc40b94DD2a8DEC5fCe7C1b79e5B9273A0F68,1.02e-05,0.11191614
f2079823fd228d956df77f846041e049f5681d95aa5e4d12ddb0ceca74be2928,0x19FBc2dB319e2bC47D4111DEe13A12078B3c22f3,0x50A41031eE2B50bD337E7F4f225331f1cD164de1,1.02e-05,0.11191614
f051452bb8a2bed6a241588b128d08050767ad7fb67521366132dddeb9ca5fae,0x97A7daC2A7237D2aCFD2c718CC548Dfb9e59Cae3,0xbB63d17a90Aa6EaDd79da4B9e18d23D9D830E4f1,1.02e-05,0.11191614
df676b315e01cbeb8f0eade3dccdd7cb15795a9ff8fe8e4c622013d0a49118bf,0x20Df8202f04564678c38e7741d14De5ce90c055A,0x153CA50ECF81B322b2287A287226261C2851BaE9,1.02e-05,0.11191614
7ddeea7e2ef8cbf6180a11d4cd1251184bb59b8e9608d0f76292500b003120c2,0x151Abe65a74F4bB86Cc68382026E6e33942f6938,0x361e3393a9B55Fa7966a371b13dF7AB6e82b4488,1.02e-05,0.11191614
c918924339fb958bd9322d6674663873df0bd545cb186ca25280c6aba1e9a331,0xecf55f4C7d6B51b758eA1ed1fe273afE923d423B,0x423023cAa1061c1e1369583f9B9F1e3921Dd8d4F,1.02e-05,0.11191614
6fbb96738957977c6802c26563708535fd99d78823497b4095133e3f55707674,0xfA5E1c459Afb345B655dC2762C1b1566e7939a1d,0x2643d47f0870451704CD57EB448793BDd9ff703b,1.02e-05,0.11191614
df26b8ca409784eee04512c79f1dc43fad15f654d1711ad632dbf998719d451c,0xD88c4C2823a68384CFEDb5892262534502d95BD9,0x99ff39dfF15bFb974b6b06F64e8EF5026fc84438,1.02e-05,0.11191614
e08bc8435c016c8a013e0df623827173894afd35f5b38f891ae08f1f67c06e04,0x5565F17657Cef60A02295eEdaa52d0041cEb52D6,0x827f9F24Ca33E5872D4B5685a5dd7c7bC8417bA5,0.0,0.112112448
675f274a48690c4893e68923506a23858601bfc520930c8c98df49392e392176,0x8cBd1b56A7Eec1a91c1DfE7c8F1BA6E94C61AD8C,0x867cDbB0eC1a2F26Fb6a33a11eE7a5593aD6d40F,1.02e-05,0.11191614
0f072591b5661c5c65b0ef23b9c558ae4c3a3b1998acbc6a182b70bd0459900d,0x8beF3F50b1089b43B6daf6eBCa560C96811DF2E0,0xC3eE9059B1a9C40a8f1Ce61c5A8b3241EBa6B2Ee,1.02e-05,0.11191614
6285394b546c4c8105eee247152f45c08e0dbe6f9c79c0289e88d2adf1c35da6,0xDC60CB685CaF71fD21eDFEBb2737B22a91Be5eb2,0xdAC17F958D2ee523a2206206994597C13D831ec7,0.0,0.116529159
ad36670dc577dd0a772e6fbd5e91974403b6e841afe54394bd2ee528bf21d6a8,0x6bc7b50C268Ca742e28b1b4145EeEDf5c9f49d15,0x7ceF543a8ab7Df70C49430dB3bE6755931D642df,1.02e-05,0.11191614
4b4af438776e740f5c67889cdd5bc311ad61bad5f84cfd9dc61a85abfe534495,0x0e1779c48ca7E84817CeD2726b1aF7eD59522fA7,0xaD350e32be88488E64a335eE7702870506721D0a,1.02e-05,0.11191614
3f3670c0b2668e0935270b1efb2558d31ecc9efe047f14be6481c8b42652c90a,0x63C4076eC50D5B86dBBd17b8d0Cb0EE3951cFFD9,0x76405Cbf7B19472125255cB240e20D5390cd6533,1.02e-05,0.11191614
612384894d3ffda444de1a8408a2958189c7924f17cdf9362118b69ce8e2c51c,0xA8b8E6E858814E00ECD58c103Ff7e38323D92c3A,0xB48b4ee5ed175420241db862009eF453093B9932,1.02e-05,0.11191614
26d7f66e98a55735ccd3517f83df88c65c3591ed1edc7a4c92b82d9380aac60e,0x04Dfa5cDF19C9932C034f19B4589e109F012ddA6,0xeA19dE5480C8b261a8d4F7E374D7424225588026,1.02e-05,0.11191614
1d89bd76a239aafb37419f6b745fc548ca462f69c21287e2d5b4d970bb901f31,0x02E0ea4f046E256339d1A2BCC0993312EB08F3c2,0x6dC1768B4CcEDcdb5ab6DAe0612D496435958598,0.20796511884212668,0.11191614
2f10acc0f4d25b827aa8a35c36f2a964760a94355f2b53c137e7befd8c9eab10,0xc9ab5469191aF8F5e24150c308F1523aABF6E02D,0x25D3a2ABe8936D6Cb2Bc3471fdA84C0ef807E556,1.02e-05,0.11191614
714e109e89cce45d886c6403405b6414fc96988ba6689355f56baba12cd61e97,0x7fF8CA59132FCBe1081bfCE106d7b84E54c0f74C,0x73e2362B3dA40C7de402c42c632232e6478912C4,1.02e-05,0.11191614
ebfcd2d6cdc30bac31eab3c590ff1983621786b5bbd38ef58e57ff2b01b42a61,0x8C4812F7f53b77408B1ffaae9f11235a314eA3D3,0x6E8A5F8371a61dd5409cA0f6499d2493984D8DEb,1.02e-05,0.11191614
a16a9c29e08de6620c860f58c5d06ddc210bfdfea4c497335bdb73434c1a0ea2,0x3eeE3F38F2A23f98DCa06f20781982cdDc571Ad4,0xf1a39879a37EEbe7AE44c6e5d416B3B32245A574,1.02e-05,0.11191614
065559425b35c4714c6c494cbde2f075decd0a067ce1e8bff14f36d2b808962d,0x00Be56D318A6B00A25DEAF66A3886477852F276d,0x87736142E9CB42B7E75fC42EBD872b46c0D499c8,1.02e-05,0.11191614
63ac708879ba75cb4d253da08ba232b0974cea209ea9dcfa4e6e4fbb7b9e5e27,0x7dF9Ae192B403e7Dd89bcde131FC21be3FA0b3DF,0x185F7495f3d3DCfD96bd5fe94cF0960d874386F1,1.02e-05,0.11191614
a1aba0b8e578374381791ddb25833045cdb9c60466c138366f27039c354f95f1,0xD40b71A7526BB556e0a5548d03D8Cd86480Cbf87,0x40221aA5A03fd464C014c4ae81274fb419c41063,1.02e-05,0.11191614
b47cb28b341f72b9bc401b73a097b3fc816e8ff57664cfdf8d8cc4be9f6b1c79,0x7cF918fde086304115C478cF11eB3F6B28fc9bB5,0x6aE71F8915E4881193Bdb24fA044C4B53C1f2933,1.02e-05,0.11191614
dc31bec443d815af2e2a1822636d7b2779989b22f95490b96b684d9248d36335,0x823AB6AAE284FC2A71D5Ebc929cEdF8B742Dbc71,0x97f853DCeaA844117A4533057F2b0CA8Bd6189A5,1.02e-05,0.11191614
a9406c135da0e5069a45eaf6baec7017d9a358679f3505a08ac2415df3dffcfd,0x4aBB7594383dAa40735C26AcCA60bC581e5b1814,0x8a1815F8e5c6c7224057dF73806a924fFf19FEaa,1.02e-05,0.11191614
9a2224a4cbb6f2d4011bca6f615046f0f3da79733c1e09535b43fe0a306155b6,0x91C2cFE8A1D12967EC7a390c782F50378DC5fD99,0x767742d3370b6759DAd60DBbDb782de4fCC4D439,1.02e-05,0.11191614
d30542b26a1e3dee50b0ca0314331a1a38484801996072966d9ac128d880559c,0xaB782bc7D4a2b306825de5a7730034F8F63ee1bC,0xA0b86991c6218b36c1d19D4a2e9Eb0cE3606eB48,0.0,0.11191614
454f68176466bda5e703174eefa43500b60a32645ec1dce0890f6344b7714778,0x7CC011991Ed62E3eaF4ee5C2901fCF72E0311bba,0xc59Ea604993154B0d50C816a4b27214639A53A52,1.02e-05,0.11191614
363265fc8d15a8d9075dd7517b5f91d5f59111e9f5c9f57029bd7b3b79b28452,0xAcb5d2cCB5d944123fB74a2DF71AEe57563E646e,0x9D19CADe5c2415bcB5019A1aeED0d7B11e75018f,1.02e-05,0.11191614
9dd01b419c63c484112641630554383e62442c04c4ea607899479036f98d88b6,0x117C4DC5005F0fBC1E04Fc11155556f71F7Fca1f,0xA8d2ac170D5a92c7BF58275Aa30CE627aF6064ac,1.02e-05,0.11191614
62c85b9015d3095bdaaa993bd66d193d8bae9c3be6fc05d0a44f88f13869675f,0x9Cb8bbDd99dFE8391E7D9C543231Fc72096192EA,0x3cBa7cCE044cD7F6d16734EB717FF9D320CD331e,1.02e-05,0.11191614
e41a7601cb616059ed75cfbdde0a0073dc9f20aabfe34acb2df33152c009fb1a,0x0BA8c1B26EcF69c51606E74E9dC4232243f9cF5A,0xd13Aed5787F68dD1A78fecbAa5855f778FC0B9A3,1.02e-05,0.11191614
952c4a8b8eb8cb9fccab1b54311620d7c2c021fc20d9ddf177054f202ecfb634,0xaaa090385b3D86716AD2c27f8021f3C9633D02CC,0xe5882397124454bF1e28ddc94C4C25d057390222,1.02e-05,0.11191614
1db87e53420a8e757578e4f5af6f4a69c8dfb65405a63976bfe28a5816e7a0f8,0xC66eFC1Edb1FdFC301A852Ba77eBf50cfA581B5d,0x8FdcDE301D7d48CcA0C980EF368C4e91De56630a,1.02e-05,0.11191614
e3e372e8a3f6573b2d73a990e70deb1c9573885a727774ff62bc37f406f807e5,0x4867A0D009862373305c9ff64A63f95Abe9a0DD1,0x0b1156B7dFf6784fe6348b6F0e9073b0F4196E25,1.02e-05,0.11191614
eb1260e16ba2c08ffdee2bc336cfdd963b5417159f1140d708e438b086637b12,0x35c15F78c834549136f1a6797E2D9269FCa1B3f0,0x40b70915755B8C367060495924B10783Ad9D85eb,1.02e-05,0.11191614
d22bf7be28043da7ed4d3eac65bc06cb24141539679f812225f020fd2bfee57e,0x20B2A6B367990Bd016cfE1C89029058d4Df98AEb,0x59C15511Cef17bF2525a8a0099fCA9ECa30AC082,1e-09,0.109311887
9e20cb75e2ffbc2890d737371462ef84819e9698e22391affb5e318c1cb71402,0xF1fCFB068653761bf9f0FEEAe952d56df6e28031,0xdc5e79513BcDF938b9f80A13f28186d5A83AdEd7,1.02e-05,0.11191614
66c9fd3a73b7e83c77ecaee67c7abe39c81df1b83de61e1b4edf8f0d5151d43c,0xBcf6F16AD79FCFdb719e098df44Fd222A69170F3,0xfb9834aECf678f1fEaeE9d21B8e1Bf2Aada8d417,1.02e-05,0.11191614
dbea8d0e74078d4cf6cfac99766ebefdf803317915ae372416d3c289cb288dde,0x3993AB2d6b4749c7711F7137641C095242Afccb3,0x08b41150473877d520514C0dCaC819839c39bCb3,1.02e-05,0.11191614
d2ac632c7894095b8e9fcd6ae037b2ccee09e15779dac092cc00a446a150f9c3,0xD1cD117A03E864cCa2874d55fFdC2D4e528844f0,0xFa689e1Ea7D28f1671b0E7E59256c0617eF41728,1.02e-05,0.11191614
6231e896ff4a1bc0ae710cca477c936380d260537ef74e9f7533cef0b1a5a930,0xCf7E1A65730F69C90E01D348B5f8074890559B91,0xbEac3BA9811bf60C13281cB256A7f7EC91f89a55,1.02e-05,0.11191614
fdbf3913ca0929d2c00e5ae218fa636ca054ccd2c91f750592b717264f4c524e,0x0a8d177D40337281825fC1b259de39438113cc6f,0x74c7E164A309aC2Cb19528dC71ad751B39a05826,1.02e-05,0.11191614
fde386956e7912d64a7f08591ea1f7e249d645494676865fe73dd32e7a78f2ae,0x50e8f4B415CCa848b19d66be95b2c79D11ce807E,0xA48167f66a13304A9ceC97753f67404eBAC57791,1.02e-05,0.11191614
9941e2c147cad6146c7212f15159950c0346c324fb8ee3c8c0edcbae9844914c,0x69DAEd2Cd51979b365c667801BcA17A835770A5d,0x28F5c1787fCE2A9e3310DF472fEFf6ba33F1AF24,1.02e-05,0.11191614
110e6b97ae31ae4e6fbaac3b8b716d405a54de87c06568faeed733dc11efaf2f,0x3A4e612af3e71270E357d5866cf82359c08322C5,0x89E7091a64d7bbB93A7636Eabe3F11079Cf2A094,1e-09,0.109311887
0f4b75ec674e09871299d7da06b55a52731a9e3afe6c4c127c5f109687d22467,0x1fc751f99f8992d80fb64d70Ba89d42f6286B67B,0x295639612478045b46b7E6016F5dFadcF1Ac5d82,1e-09,0.109311887
790f69bbfd279c6180987d20e9101dbc11d1b5e4abe152eaa228c33e235051a9,0xF659CCDd121321187fc3e3dc0A5364B97b696fF9,0xebb26EF290bbBBB747b82789D96873c8544ef2e5,1e-09,0.109311887
4150dcdd77709d33663aa435c04204e1b20d20d9ead9c57d080d3040da4aec0b,0x8B3555be3f40A2d18A7B1795905A365FA9AD5C4B,0x97d0D6cDab00005E594878f30276c4be22Ab6A14,1.02e-05,0.11191614
2591b2998753579ae9a56bd0acedbb1ad5fb2b7c809ae83a5d36fba73ba53b34,0x30b0A36a2e1ac522064357Bc3F477BA9Dcb84AfD,0x8a5412533AC896D54F18C0Ae6f135E26069feA40,1.02e-05,0.11191614
b84c059701ffd8ffc68f883e700917624d9ae0540c5d0196091598ad35a0e39b,0xC6628DB3e0B50C6eE7DF5fBE0EEecE9fdcD490E4,0x7e043dCdC4E7C65afCAbF121272BFb280c5D4B87,1e-09,0.109311887
ecdb86fa70077902f5fc3c52add846ddb1cf8e3eb7c6d8ea38a7e83935b5c6c5,0xb4c117CCb31ac9B2520a5cc669799E0F354f4a35,0xF9De5e58b09aE88781186B8d9eb6EFbEBB0D670b,1.02e-05,0.11191614
b93f5b5b5201554a4ebd45f82808fdad86bf86178c250eaf83fb905477dab83b,0x7b4afd685d5eDB013dcc119e5B88aF2B30Cc276f,0xc58369441A072d9430824896DE91Dc6f971A6D83,1.02e-05,0.11191614
0b90872e14f59792c589b641d8c075daedcdae068ab9ddf923932fed1c029877,0x0e9C99137a507A31C221d4bFA3F0E18e0448307f,0x8c1e7CA3ab3d34a3cE2c58AAA3f9B0DDd2C6F2C7,1.02e-05,0.11191614
bd049d9461b02907ff17df64d97fe3a62bd1c63844fc9f256974758a973409d4,0x76F8EA68c4FA564E1F84C809ffA1ddD66D7Bd2C3,0x33E05dCA284a06f125B5390359C6012B93dC52a7,1.02e-05,0.11191614
56d7b544364fd1da2aa0ea5d000797c196a157ae2573cad25cb990e245cb8fcf,0x8cFEfECAA20da6f838c3A1e496B5Fba6Fa941Ead,0xdAC17F958D2ee523a2206206994597C13D831ec7,0.0,0.11391614
d401ccb56c8bcee980bb231f97d106287c29b4d12079c72c36bccf63a61596ba,0x7A71C3Bd0ab97756e3883b54AAA9e1C1108D3bA7,0x89cd58984AdD90cba0E5c7ABeAA01FA22Fb26640,1.02e-05,0.11191614
d736721701ae07358cd93d44cf593d2039c2965ab5d54a2ddd8a84058ec721ae,0xC5e17F250b03Ffa38811998c4B4a681576AEfD33,0xB833320B49b96A8E4a08F3550DB59575177Cc188,1.02e-05,0.11191614
0fece83418dffe78db4856978f110aab4e68b50230c4a8561b1a1417be8635fc,0x636e4C2196765576805a53b1C6714090667aBA8F,0x245b1E41E57B534cAA29aaFB7617AC6ee5C2cB11,1.02e-05,0.11191614
df3ed41c632182d20969dce1ce10d94de7199e29553ec80e29cdf20943f6f9e6,0xa4788BCa5327e49F6c1a88490E02EE4908aCa9f3,0xc19fd356a2153fdb7bc044e106964C8099c6c122,1.02e-05,0.11191614
ad5b98ebf259b8be5b2ecfa2cc71fea78fa9ffb5c3f452056da65eec4ce4b96f,0x26386399E0c5cd5246999F51923a860096C09eB1,0x19b16ca2e49c86919dCd881E1Ce3Fc60d3f03681,1e-09,0.109311887
a81c6387c232a58339bddae7436676fdf925c600f54922c5f9a1170445114e2a,0x7fD6B64Be606c0ca5f1a59143c946D755b71A933,0xaD97438423f60ab85DA068BfD2d9a673cb4C7812,1.02e-05,0.11191614
c4e896a7fe539c477ba16f6bc3b7d9a5ef7ddf44c0a17e0b983b4615249250f1,0xFFaBEBC91Ff72d916D65662a5F69115BD9453322,0x5fC7467F7b58Fba859231c0dF65c78d17271931F,1.02e-05,0.11191614
d578e95a06bb4d9dbc07286ed63cc5e2135ebd2efee8e9a541c5d640a5a257b5,0xF1B6a2dC629806cceFD3F70caD7E85069ecC8b7e,0xb618c884D9b78697F4C83A9c877B4e2dfB88516a,1.02e-05,0.11191614
fe749beaad1c37044939455e1e6cd0c37d045a2343a8025a731b1244af0cbe64,0x113aB6B676eB5b66F9190b2Cd2E54Beae9b735Df,0x6A5e9fEC3e277C6Af93ED7175a4a0e86ccF06316,1e-09,0.109311887
ee766f2e67b9875f584b8bdc2862738c6c20452fb08e246cb803baa4bf44c1f6,0xb5c5a3cbF7B0a9b7F0029F34A21096195fdfC8ed,0x450C6b0Cc827851143075d42B814f4e32713b9c8,1e-09,0.109311887
6c46ca832dfb55c1581d7d02da6c4e6c6701a76a518c49e076d12988e71d363d,0x01eBb9D5555aA518e99EEABc77C47077721a79d5,0x3cF00bA3c30999813f4302f76C8dB47936e8b561,1e-09,0.109311887
e2fd6ab9ead57b933b5f82fd3ffdf088cc5dfa6cabf642e2d471717de3a7a677,0x880De25e6e839D04caa359F82e6d574B915086FB,0xb28Da9355a212eC2b99B5205514Cf37C3F96ea2E,1.02e-05,0.11191614
e8fdb3aad63ab548b3a3b8a73554373b335cd78661b37137f9a96a060322317e,0x0d0E1E4b40156ebdF5Ec4D749FAf9cF3a7ea2105,0x44Ef242c64dF2aD2115f6a144215f1CbC89Ef16e,1e-09,0.109311887
c64a6addeb6fec7e3ba7233834b2f3aa354688246bf36322cee7c4823ebf6e3b,0xc5E56714d0afCff5A40242dEe6c165Bc13b273C8,0x615A0cB6Ea4c4B1D51bE6D0E7b3C25653a95590D,1e-09,0.109311887
95a71d47e5a8bab927f34e4edeea872edc235620db47eb5d1f9c240096dd435d,0x99d494622Fd612f6F4eE02ceFd2A3148e1117dCE,0xf8d2C1A220Bfba747D43509F0d8eA89323d0c6c4,1e-09,0.109311887
473e323bbb2046396c1b91271d45ed64ea71bd09a671790d98dcc43410e7d9cf,0xc2371D4967153a99D2A7248AeE49E0402626a56A,0xb1C83B83010178BA74E61c0D6A4118F9D023eb81,1e-09,0.109311887
f6508e651df0ba00b86eaea630dfefb3d29c4c3887f452cd28a019840dc8c586,0x63d9a4C5932f91ebE5D382390C486b519eEfA78b,0x0D4291885DBa1E558320c5Cb7ab4c8f17C78f0Cb,1e-09,0.109311887
1004d14d2c51df14388e68fef0a4e217ded943d5df66a71617bf27fac1c3faaa,0xB787E73A4D98896408b6142EfA88ef19cF575A1b,0x1cB35C03dDB78D8fAD2cFeFdD9dBc5072D104B05,1e-09,0.109311887
c996955dfa6dc0462ee1a6c12f7e7e6239d025e7ecbb0f2d9d32637a9b8e365f,0xab8ca9dA0e2a098C5e271Bc75680d8ca38B9BD78,0x1A884fa290959D02aa0129039806B22c346c8b1B,1e-09,0.109311887
b4e8f1f07fdccad10d56eba653e990b4eabe0ca31857ed7f3e93ea24bf8f01c4,0x2de87553C1D618C027719a58573209043338B7ca,0xdf04E99e9A6A3Cb70c9FF673110eaDF1e3F40cc5,1.02e-05,0.11191614
606c801d5381d5d172d5a09bf64572180d0562fa13da0029144b1eb66cb885c5,0x4fde42Cc850370549a49b123f50826347fD015f3,0xcd209b0f3132847e4E7127683F9c56cCAfbaC179,1e-09,0.109311887
c6f99df1b211cf1f7c121a89ff29ae32275d358df91b3f69d17c28fa880d356f,0xd37a4007c8C2E8C02150B9e9CE606142857206B4,0xbdD9c870211C4F58518a69E2A7056112561D46Ea,1e-09,0.109311887
13b1f297a03a361bd9829dad89ff5a9da54bdca0d6dad03bbee79d076028c198,0x1ba223BC8b488aD2790744098D3A34C9DD92DCaD,0x388787942b61fb9fd1A1489121FBb2B49cd7F24b,1e-09,0.109311887
61c9919839af78163daac17f620ffd009adeb402f7217912c5813c3f04de7106,0xDbE8C6D6f765D310043f5f306b24EBF515E47Fa5,0xC24f117aCEb20BC5E0a1CE57CCB7e0bB3fa1de53,1.02e-05,0.11191614
d10c25ca161ddf056f563d4171af85d2d9a3bfc6a52a838dc2a44b9b266d7705,0xdb22af774A15E070aE23c5F80559d94606639FB6,0xFF3311E61D4E7143eBa87a1909dD432dEbb6D22e,1.02e-05,0.11191614
04d8dc5efadd05a9bdf94e1248dafa134fd8a3525907bfcab6af3f42e85b3602,0xA559ba8aFa0304eE485B6d5E1Cdbb63df64C3D8C,0x20d5590875544A6d869619e2f04A015B7A6686C4,1e-09,0.109311887
cbe81e6d9a96b78bd40d6212942e24f4a6242c01ae452ec38cb9859c98acdd9a,0x9DFeD9b09b1477aCfcA606a5433a69b69022f26E,0xA72C1D2613B5154F773ce6a601374AA15692Ca5a,1e-09,0.109311887
14fc7b744cb1868cd7e5a1a23bc87cbd960b6bde75ed2b770206f4f38e240899,0x6a65120E7e6152fb58889BCa0d7D3070efEd85df,0x42475636b3adc5898D0Eb7187CEa64aF6d3f86cf,1e-09,0.109311887
d6df040ed3d489d50876caf74e53bf6d24091e61ed35ba8a30ad1c8a80ee1fd1,0xaB4f85dF6c52275fbdAacBc4b45Af53a892ef2Cc,0x8b595006046362730E092228b60fD92E3d4D288f,1e-09,0.109311887
eb9fb4b9cdd4265e3208aa87ac3bf0e80d182838b6b185bf1482eba50d7f119e,0x5Fa240a6D8139EEb45bcb2C762b3B885595A69D7,0x3F83dE4d81b0b168CC96Ac55d596cdf03A87DB20,1e-09,0.109311887
2bf07035379ab6bbfeb3a4f9350c600a65e3cffbb1dea7ff1a0975cb581904d6,0xe0eD2382EF9a7dd77ff3EE771609F6F39743554b,0x70a225256e6ADD183926D4329D3cEd49c0f75A29,1e-09,0.109311887
2e2829118cebc66b7109cf1a07085e1e48c3c3ed70925f3a694bfcc662205afc,0xC36744B7fB02b472379F63e6349e76dAf052f68F,0x55F3116af0DC45674d45fB677E48D82b752A4765,1e-09,0.109311887
5e58d71403b4cda43ff4edf791733250c4b057d3f20409e34943e55bfff30619,0x5b8dAAdA366e95572434cfC9e069c74dBcc6a066,0x3d60aA0e9e549851cC97AaA3280bBA47f044E02a,1e-09,0.109311887
7855cd0ef0709c8941f94c11164d2f5a9ee0e90bef1f48e11cb46e6e431917df,0xaBF6F728A7d21fC4391Fa838acDEE9314C996B94,0x492Ef55424c039Be22Bf833B6dBC5aA0a358FAcc,1e-09,0.109311887
2a5320829310ac05c6e0554103e5ea3913799e20d50d3b3c79a20f2e68fa42be,0xF7235cac6363d38080282c042F52ea5ec82EF0E1,0xf2a717Cd0161Ff5218d618CbAFAAD4E7D337482d,1e-09,0.109311887
6a18b7da70c01b96435ea3ec0406f392ff93bd415e6df0612ba8957694943edb,0x3C9718e63d598A34a8Fd10553F730372F2289a09,0x17012f421B09605cADfd35Ce9B88BcB085B752A1,1e-09,0.109311887
4854aab5336bb239d424de123e27b8fa0a909fe0e847b8d86f014d26b99670c9,0x1D0A329329cBb2d13DFD9D3a2dFD9933355152B4,0xaf8e0A514ebb0AA8600de6D7470B43bE37e748Bf,1e-09,0.109311887
3f40c0ba7b1c2f35fe642a2aa88447f5f235f26a1bed1af35fd1ed2dc73dc169,0xBbe6d079AC0B4825A2e4dD280f89E76B232CF7dC,0x1eC86d59F00ed910Cbf5C9F3F2f7555C89C42B52,1.02e-05,0.11191614
8fb2066a21e0e21f7dc0e0e76557cbc859494d331c1ae8dcd527d29a4e23169c,0xd3A8821e8b5F03c57a93D64Db0910073e64aF9A2,0xC31365721B8545Ce79A6a806C7A82D6922a71fC6,1e-09,0.109311887
9e74bca92f51489c865f79f67a47ef44a1c3d4ec4574ca955109d32210bc84cc,0x552A8522092B6A8fB419Ca2103D21B7FDF4E18C2,0x15C23Def66f358dd15632a08Aa0696a9BCBc74e4,1.02e-05,0.11191614
171ac68776739f2ed3041239be2a388d065ae9f684e4c6c499d050bba83d30d4,0x568631626d019038eB68226e2EA27AaaCCb65661,0x2174B16FECE369Dc69F8E4a966e7AaACa0952fEF,1e-09,0.109311887
de9f337131f710891f82f1bfefc43b5f1a3fea0ff7ce28db720b4b1bc28622fb,0x6C59808f2b179881b2A9cd89C5d1A11Db2445ff1,0x2Fae625F0013632F474B4E093AA74311cFEDd2eB,1e-09,0.109311887
9f653291464ac4e667200af6bb3b46af84d875cd75e7175ac011d06164a84b81,0xC4D0Dafecfd0Cb5f2b6a47e7296850b486648E6d,0x1E5D64f4EC561AbF00f2a19E4873eb466b4ad0e6,1e-09,0.109311887
30878c7ecdaa76e658c76065420a025cea43212885afbd76a48256a502d0834d,0x639bb73A75DC1e4b32D77ed497616CAbcC918e53,0x43d248A2439893d35068AC33DA2fB24d62561617,1e-09,0.109311887
0cae9b51768f402d4c160d9704919647aaf0faeb4aaa93ef1798038abfd2f0cd,0x8638ec31E676364c10F81D8055D67fdB72523C9c,0x4065DcB04A5e9bcc146ab3D43c0E52288b182cB0,1e-09,0.109311887
cdfdb4fe21de5132b64d40e7ed4a9940666e0144c212dc6f0a2fbaa24d659687,0x0076e38eDBA3F7c5815aF03a3699b8C155ACb472,0xfAbA6f8e4a5E8Ab82F62fe7C39859FA577269BE3,0.0,0.11391614
2bd1777557aa6f4e924103fe5e3e0027c45f47bd79ae8b56e98fb37f0b577053,0x75cc12F2793287BeC75b25bAfd6E7bB96056A003,0x41c44f93a0EB6685e003a0dc641E81A406Af4151,1e-09,0.109311887
9968cedc5eacd26a0cc5e2d2d38363f2b34b3e36ed9eb3938e2a713130c505c7,0xafADa19c3C00203751CCB81312Cd10aF719040b1,0x08CdfC9Ee36d0120C59Af638f394A7692DA5BEEC,1e-09,0.109311887
9a19b243183749815eb45ad744e4adab8c9587fbed59ca9dda1863cc3bdd7082,0x805495df77A5742c147e7d61dC510F62eDCAfa0d,0xdAC17F958D2ee523a2206206994597C13D831ec7,0.0,0.142459376
78b8283b97f9ee249ae43e9c11c9976f4a8654ade803e53932c3c5c624691068,0xc1320F05500647775a7e300502a107bD2CF46Cb2,0x91567469b6A7dE182A6feCf5013b7e4A556E1040,1e-09,0.109311887
b7f9b780d2eb5a955b1be152b4b5dbdaf97588f484e06dfa2dc04fc328a72e03,0x4CD8688326975a34dbf36565408A3476d5D467cf,0x2a493B6D24c698123934BcF934C3CeB7CAF557A5,1e-09,0.109311887
a26a8f8129bbdec9f3ead258b611d388ac920e23166597184c520aeaf76b93ad,0x84023345E6e444dc193BdB79E19B136532EaF0B3,0xC3abD787348D8109ee37fa8E50e1895132b6A96E,1e-09,0.109311887
420c653540881aa0870f3c19ec638f30ec27badebc037883d32ebfcbe63aa5ac,0x354d7825095ef1c32F3468064ceFA53fE9342213,0x5187870C8e48Cd902889EFFb7ED2d642F0E54482,1e-09,0.109311887
a156319e91eebc3281d1d4a09e5a0c6a040607d343f2665bd5989c2ddc768313,0xB7D385D59C984b003BaA86B1F8DeE6d0694B3d00,0x258C2a3c0AF90Fc29e83FB804fdC86079F36B5BF,1e-09,0.109311887
de53d1f1ddc93dca4a7215254a3ddfc308c4d730f50d8e44c3a9167a13386e1a,0xD50610C45785B0eE09919b2D1eF635415f8af1Cc,0xA0b86991c6218b36c1d19D4a2e9Eb0cE3606eB48,0.0,0.108635888
1dd5bb2888d866b833e767d8f9cba9fbc9d5c6055af410613bc0836b88ecba1f,0x69E28e5635ca3576E7d01246da22d8c2B1b0325E,0x7df758D9Fa35AE6571D0a30ff01E8C07F22EAf5d,1e-09,0.109311887
28e7ec2482d1a7fd07ab0a2b812e3ab46edb8ea7ff38f8a6ddf9944fd79bda5f,0x926702C7f1af679a8f99A40af8917DDd82fD6F6c,0xba5Ed099633D3B313e4D5F7bdc1305d3c28ba5Ed,0.0,0.10491614
e5b1151a89ee9a80cb17a4112e60b12e961c02a63a7b7883a6b202167ee4ec16,0x57b2b760006A87B692bBDCdED62Ff75C1b2D8453,0x6844CbD8b85B6E8f4B99CB586F18C7a2d077fBEf,1.02e-05,0.11191614
f17c2f6bc0a088d9c2e68cae69f8e345ee59821d2bc11667ce3dcac1b23f4f55,0x82A53178e7A7e454ab31eEA6063FdcA338418F74,0xE73d53e3a982ab2750A0b76F9012e18B256Cc243,0.0,0.10667944
7ec0a369a4928d6b09fa44e686d7ff8c469b7bcfd4565d6ba1f67a926cc2529d,0x5c1c0Ac2768C0b6Aa2D306B0e6dD3a2a5207D8c0,0x7b61253A12cFD745fA167825e5d6741edaFa4978,1e-09,0.109311887
f904c66b3736a6079e5e768d365f5aefd82d649cc14ad80b45a4fabcb0b1ff79,0x34BEac0E0548E803cf3B3724BBdC336Bc2942ca6,0xe5E90F6B128e60cab31C809C9f4D1CD9306c8694,1e-09,0.105360485
36fab8573ecc95916e1c291296ab6ea501e37bbbea535049ceeff6f7c01f021e,0x314c4C3034b1221D907Ad228D32E3E22449Da8e9,0x367C1eAF14AA06b78ce76bd0243297de79d85270,0.0,0.111935351
7c5cdd3cdc90ce483b7006edf9e9fdc8f5c7f6f0d328d13847e437d28bd897f1,0x2ee0709411b1aa025368b9672BCc53eBdb8A3199,0x51355F3A6899D5F0764F52527D56ebB2dF1BE58f,8.309660083928e-06,0.105012696
474eb9acb46e08338b329f3255157dbb9f2a35eeb616fc4071b5418fef53387d,0x5f58b907d4431a53052bF427771057B5e1F10d5B,0xDFaa75323fB721e5f29D43859390f62Cc4B600b8,0.00782579726860225,0.10461614
1d3b1bf0c25044fd81726133ddff75551582abe669676e24eb32afae88e18cf8,0x51dBd97Fa14F4D78F8Afc2E92A692a9E087Efb5C,0xdAC17F958D2ee523a2206206994597C13D831ec7,0.0,0.10491614
cb7a30cdfe1d0d31befdc09fd40fe974c28ed5e0b44661b7bec37fe2c92f5fea,0xb23360CCDd9Ed1b15D45E5d3824Bb409C8D7c460,0xAAB7c773C87dA89b442003311476d0e0fFb0cd99,7.62e-06,0.10491614
ef489371f5bb10afa3f59b6b548e9ff00afd746a01a7179422a6e89671b267da,0x262593573DBddAEB885eC4d4A9960d525C9EeA0B,0xa2CD5cBB1B818343dd1Baf12d1e98Bcb0d2C6f37,0.0,0.10491614
39ab306218ba07ce7246234938030108c834b36c4f8ccb531f2d02df61072666,0x80D04079Ffc53eb14edBEeB37279D126F45552df,,0.0,0.104077138
d106977c4caa196b8cad08f143f42bc50321fb2183fa0fe445c597f85758f708,0xA5E0F4d6e9DD1F70bbAb40C304143F68fd3d024E,0x19b188d9ECA92C6Ef733328fA47D4E2655342093,0.5899037238772875,0.10491614
6fc1b780ee0d4789df58c8b69c4cfa4e63503dea4570797a6fde0851c97fa3cc,0x80beDAceeC9B05027F970eF8DAdDBd07Ff4B0C32,0x346A15bc419429E1452c0B53CF1174c9114D764e,0.02034470832482854,0.10461614
6dd4e3c61cc433d03c5e405817d9d4b5416fa9c1cc63d8c99b3e0369622c3c58,0x4e58c1183b91df3708FB5861ff3531dc128E6e11,0x7f2Aa312E4D7adD06175376eA835fF80502453Bf,0.0065929,0.104392665
c59afa400e00b2064d20fb5b5091065d4e1f8eaeea728b322c907ca2ce7caab0,0x911883193819e7b732B22d9e09787f94C9DBE226,0xAC2CAE853b03B0be2312EDC1eD58f74a1e5D3c6c,1e-09,0.104222512
1fc2abbe66aaf3c3a5b6b2430a9714b00db7efd1aaa61f7f2930bbab14736177,0xd466055E4AF002732f0a19C80F4F67e4F5De0A8A,0x249956377451ED13448D178253707223974bC112,0.0,0.104269682
400a7fec95c058996c264be5ebf5e9aeed4ec5bb6d6272cd26693acd08629b59,0x612E2F825ad33A1dac061f6c331CF3e0dD42663d,0xC011a73ee8576Fb46F5E1c5751cA3B9Fe0af2a6F,0.0,0.10491614
904d971b7638dac96a0beca4e63641acb2f367af134d8e4b207dd12fb9b241c1,0xbb2f33f73cCC2c74E3fB9bb8EB75241AC15337E0,0xCAdeBb4191C6e42d9ebb0fcaEb9FCC2855c8585c,1.4693237962996e-05,0.104157637
310c5bd4ffbdede4fc5d2564300a856bcc724c773b750c37accc01754e87ca6c,0xbb2f33f73cCC2c74E3fB9bb8EB75241AC15337E0,0xf756803eB1A410E33C47C368cef3278b29EC1B33,1.4544818948094e-05,0.104157637
1693f11e5bab070d0f742ab2bfaf478f52fd12bd415e64020e929d4e6063fc5e,0xbb2f33f73cCC2c74E3fB9bb8EB75241AC15337E0,0xF22c450D7Bab9F8035be0F344B849dF32b1406b8,1.4540906750007e-05,0.104157637
eb25841a6799c1a0caf252a3f5ba913a8254c53900fb56c46dc1fa861d3bbddd,0x2133B08238B8DD0d752F071A1b796a80DFF85198,0xB442b0b79EE370547205be9cE0F61D8438c2673a,0.0,0.10491614
443801a427eba01726265fd579e6c742eb852aebe3c49b037a3cbdb38abb938f,0xEBcD17C2D5571476121c263729411d7336ff5b21,0xdAC17F958D2ee523a2206206994597C13D831ec7,0.0,0.104157637
7d8a3aff5f9a76625e0f3a0ef1e14c55ef76915fabac10e73ffc96c384885124,0x00d9fE085D99B33Ab2AAE8063180c63E23bF2E69,0x75884F3ADA15c953529AbaaC6549d5204135ec36,0.0,0.10491614
33042c7a01418d815d414b0d9bc8b46a0675ab1a0157d47fe05866e62e5dd3be,0x0A7E604feca842C1A6940Be133794Eb713995015,0x36E5f240c3bc93B6624aFbfE5c4938e0b3099993,0.03085,0.10491614
d732c3cdb15603177faca1af5f53847d7eee7469eab553d729c7466d58dbf452,0x3Aa678058220bc0306338995dB70f6faB2cA6A54,0x85BEF6Ab26767BE100caB7B5F39aD359e10b3A4a,0.0,0.10491614
e48a65474e7cf800544c0380759c989489a1f18b05533f0d5c8d07e1948365ce,0x2239ECcB0d91c0C648b36b967Bb1ef38C5b2B13D,0xA0b86991c6218b36c1d19D4a2e9Eb0cE3606eB48,0.0,0.104077138
f7a8dfc1901e54f49e250072c86b77f904593eaf85fec466efa0f6c0d586832a,0xaeb6B7abE7ca905c9f694c958097813436fD130F,0xA0b86991c6218b36c1d19D4a2e9Eb0cE3606eB48,0.0,0.104077138
de8748c04366f2b2e27dd4203e6fda50aac34ac64e1e7bff233017bd5efbfae7,0xd9Bc5189fa908e9626fF0713D6a979a639566F48,0x22107edA0973B50c98dfB323097a80Fc82deC168,0.0,1.10391614
052f1cbdfef3e86e38541fabe8c2a659fb0f279a237a7b7d593b75be5a592748,0x2B57F070F5d539162f9990eDA65AD870fd8Cb928,0x66a9893cC07D91D95644AEDD05D03f95e1dBA8Af,0.0,1.60391614
69453a3431fb52b9c453fdd95fcfaae33a56bb1a64769d97002e48ea554e77c1,0x932D91682423357B435172e50D9Ea2DcA614217F,0x49E55995ef73717895A638074DE5af89FA1E301c,0.0,3.263880515
14a35a10dfaad2ee7fc53c2b0a43de0e66b6fdc34781c425dea27ef2b9cbfa22,0xCCaCe284742635f08cFe49949c11E8ccBAFd93eD,0xdAC17F958D2ee523a2206206994597C13D831ec7,0.0,1.0
13121b48af0deb4b440a15666e9bc54957f999fb073e7669efe34e7c0c7a15f8,0x466fe391FD562043c9FCd26EDdbEd3c2a67501a0,0xb423E3eD064309E3dE8b57A1063B2db754F542eb,0.001,0.400467192
3cd1d573e4c4cb08511df1a9cbbaf8e8659282e4966c7ebef41490f176cc99b8,0x485CE7AAC55aF4A3EbdcBe36a3B8BaA777A6BB18,0xdAC17F958D2ee523a2206206994597C13D831ec7,0.0,0.36271614
bc4c5f20c7c467c4ff7b212204a94d6b14ef582dd7128c09c977646c0c95753c,0x56Eddb7aa87536c09CCc2793473599fD21A8b17F,0x28a3FDA83a216b6055Cc07503b43AD4b9f7eBb2e,0.01454704,1.10391614
e35dfe281d7cbc2b31fc93fd0b48778f5c1910ad85ea4ce6a8df5633c7283ea3,0xcc574AD518AAB1cD9936087236c51c471AB8Be18,0x66a9893cC07D91D95644AEDD05D03f95e1dBA8Af,0.02634595790077997,1.60391614
63d7cff56d593da099f3d84d5d45e3ffb3c1d5bb127fc4a63128877f926a93df,0xfc9928F6590D853752824B0B403A6AE36785e535,0xe2536231Fc1512bABc8C856AD7499830A936Bdd9,0.0,0.10391614
7b5cbe140108d8c2091b7adeec2b7e40b534e5f4c7c95110b73a8f84feabb5ea,0xfECd03710b65F189292d2b1d780dA56261fE8583,0x881D40237659C251811CEC9c364ef91dC08D300C,0.029317671387931295,2.203916141
c796e82a2f6d0aef80bdd60cf3e1b49cf8264f6ce6cee43b15bc13ea0b2d8c25,0x584CeEDf369b49C985cC21cD06033022520570fe,0xec64d835788213a54DE0e950f4ca1a3F97504866,1.0528616059521e-05,2.10391614
fb0a2f317a512f9633cb511fa640b5f8f41159f3dfe32189cb22cb2e18ed17e3,0x56Eddb7aa87536c09CCc2793473599fD21A8b17F,0xdAC17F958D2ee523a2206206994597C13D831ec7,0.0,1.10391614
5ac8c2e9ac4ca667c9993d06c5224be5d2ea561e99adde71a90900649baecb33,0x56Eddb7aa87536c09CCc2793473599fD21A8b17F,0xdAC17F958D2ee523a2206206994597C13D831ec7,0.0,1.10391614
a95ccfa98e864fafbace8aad1a33a5c70c17e52b8de3a50bd7520fc4a0d37169,0x6887246668a3b87F54DeB3b94Ba47a6f63F32985,0xFF00000000000000000000000000000000000010,0.0,1.10391614
89d81f0a02e66cca2a6afcfc4b2757a8d1937bb5de487e5084eea3e2c4063a82,0xb56658564a2381d6664850C2C14a5dEdb11b4963,0x1bBe1bE1fB532a010762665cfCbed31595367e5d,0.0,1.0
708b43d208f4d852df15f0894b25c86cbc63488c589b23b2c7760ad33efd241a,0x90e276FCa1f0506B2e55342486Da065C42F63a4B,0xdAC17F958D2ee523a2206206994597C13D831ec7,0.0,0.36271614
c6cb93d2dcbf4d73fbc674ae7bf311a2cfcf5432dee5b95e253c60da3ae67d89,0x6937fe8067D5190E9EE715f22ADd6F289960e0Be,0x196f91C661a001199fCf47a1D45A749Bf796b47c,5e-05,0.205796328
5fde55a5c2f7bc066aaa0b6367fd2ead80d7ee063ecba63a32bbc34b8b82cdd5,0x331D9a049D496385998067ABF6CBb6371C8D2466,0xe7a3d1208352967f627a53B47EF3878eDB2C23b8,4.678636367859e-05,0.304077138
df20390803eddf057ab5a281da467b34b0af9df05510366c4b82148fe33fc078,0x380e8FcCe69ec67A63fF133609C5D003B8eB2E06,0xdAC17F958D2ee523a2206206994597C13D831ec7,0.0,0.25391614
243995475c9d69c311cb10a934fc5a5e3cf1eb7dfdb49ecc83bfbf8add735ac7,0xd3d1E8a9def55620Ac7cA87d4296Fb812d1FC3Cf,0x60943cb06b76A24431659165c81a03c16F1C325C,0.05,0.395466088
9ab099804b5a2c666ba0be845b758714ad5a6485e30bd1e0715ba34582d0ec6b,0x264bd8291fAE1D75DB2c5F573b07faA6715997B5,0x8D917BC1FF55FB223B8B1840742efB89DBeD75A6,0.01252623,0.184337644
25cb29dc4ca271b33e615ba0d1735569de42ba9a633355abbb9894a86a8783c6,0x6635FbEcAE08b970a4A49A78Ed3E28e27eC88E9D,0xD194DC4A1A105eA3bAc63D3F4aE1703345091EAA,1e-18,0.15391614
1926a24cc1c8f67075a22f90e98ff31bd6cf7732ae905d0cfa8ce820e0a88548,0x6635FbEcAE08b970a4A49A78Ed3E28e27eC88E9D,0xD194DC4A1A105eA3bAc63D3F4aE1703345091EAA,1e-05,0.15391614
c9c2c88a9c11d56a7fc7fa7912111827815a66f112ce35fd0fd1a0a09dfa9216,0x46340b20830761efd32832A74d7169B29FEB9758,0xCE7088A27d1DC84c76B829B65498Be2EF6cA5519,0.525649,0.13249653
697f5a3e61229c814530e68f2573dfd54f0ed36c1ced1b5efa8c909ee99868cc,0xef8469a590b7193267efF18dD8954B21a75C97bd,0xef8469a590b7193267efF18dD8954B21a75C97bd,0.0,0.218137351
c4c0f9185b046a13ce1ed17856af3162f3c107e054c26c6ef5b673b323af9c5f,0x43200Ad590c5E3f90Cbc3595a36556885f2Ef644,0xb300000b72DEAEb607a12d5f54773D1C19c7028d,0.19514495595919668,0.186642657
1308f0bf638eaeeb5f1de6473d827940562c80e0c601a58f8fa5961cecb992e0,0x4a3f4Cc42Ff0b8a18474C68031d4CE46605BD86D,0xcab2FA2eeab7065B45CBcF6E3936dDE2506b4f6C,0.0,0.152880612
c7a2f5a6157f231e280fdc4be6854bbf486ed26f5d2edd05b14c1ee72f81cd9f,0xC3D7663Bf232C46134294781c54C5cdC0544229e,0x278d858f05b94576C1E6f73285886876ff6eF8D2,0.0,0.153916141
c5a44ac84e3a9252951747e5cb49eb2498d1d61381101edd9d9102cbc4a99a96,0x4612Bf4209fB745F2fB2Cc58aD18b16e48E04704,0x278d858f05b94576C1E6f73285886876ff6eF8D2,0.0,0.153916141
0fb25206317976b22aa0939d0b8c5a64caf77f0c1bfef9fc96e960f98307f650,0x030042BC919e14D2938Dd99898663d5F2c2e05a3,0x278d858f05b94576C1E6f73285886876ff6eF8D2,0.0,0.153916141
b9278d83acb50b7d5234931094720c066fd5483e89039430273c5d2e4736d061,0x9A819b13566aBfebdb9eB7cA26eC2c7AaBD2150c,0xA26148AE51fa8E787DF319C04137602Cc018b521,0.09971282833245015,0.12740051
2f905f7a7d94b1b918b7b22ea6a1a82b039238d36eb30c2cfdd47f94fc581f7c,0x46340b20830761efd32832A74d7169B29FEB9758,0x8C1ecDdEDBe0e1533B07F77E84D713D95D24D4F9,0.576781,0.13249653
bfe146026f6bd21939763f324f7e1ee2a38b0a3c265bd83b9c2665c17943182d,0xC942E5bE598Bb9dfa82dbAD1036A46b0c4deE189,0x278d858f05b94576C1E6f73285886876ff6eF8D2,0.0,0.153916141
1f19d10344b4cf928fc059ec1e48001b632f966ce961d76f62c5e04c102d1f78,0x17A9aA3f7945fB00C2EB16857BAa4AdB63DA59Db,0x0000000071727De22E5E9d8BAf0edAc6f37da032,0.0,0.15391614
d11a2dd45c1649e876fc43a59e301fa9db39bedf1c01da3c54f527a5e97a6cc9,0x9A760aa1Fe631fD9aC0Aee0965736121c7c132cc,0xf98c221661F51578f5E5236B189a493E2a8a1916,0.000316952492086856,0.70391614
2b838ac0ce0afcd447884a19eae9e6386ee7288db402a26a992f614b2bfa0892,0x625A79e36373729ff9010D60b9c0654e025eb6bD,0xdAC17F958D2ee523a2206206994597C13D831ec7,0.0,0.145636938
e6ab4fe6fd44c6673033c04080ca9b0d2e331e01a7970dcea269b1787c93c2ef,0x894b36c28E13e88231c8927d0BfCF5809bCE4544,0x278d858f05b94576C1E6f73285886876ff6eF8D2,0.0,0.153916141
a507c38f4ef27cc2e545cd8bd6c1ccc7d949bc17748fb64df9743df0a745c6df,0x1bfBe471294d1A48496c5AeC8cF27b7CCBCA1A48,0xA26148AE51fa8E787DF319C04137602Cc018b521,0.14608174943505992,0.12740051
253d7e316142227f83907d85623e30a41118d7316015c6e544ec8e3f8765fc2d,0xf279dFcdD57E1571c95E2c5b7E2eE453cbcDF77F,0x0000000071727De22E5E9d8BAf0edAc6f37da032,0.0,0.15391614
a2631f52bf34aee9305b2e3cf025a6b3de44ef79e750388762cf4911dc6f4ce3,0x5A686E05196b605f8B6ad4eb3c736CF891ec90B8,0xA26148AE51fa8E787DF319C04137602Cc018b521,0.3534680510565467,0.11933261
570c235cb670c40eacded8edb82fcd7b80536d0a75674eeed245923d26d8d5d8,0xc0810C12C63016CD4a39E79f42082D56AC5f46C5,0xA26148AE51fa8E787DF319C04137602Cc018b521,0.54899977401519,0.11933261
d381e071c28be33aec2909d4a75377da4d153504d7f48317746bc4732cc60aa5,0x3DFeE3380A3D34428D35e18835126a22D837C8F9,0xA26148AE51fa8E787DF319C04137602Cc018b521,0.13509232458929,0.12740051
2815d0a0c24e4522aa77cebf0ed5055d06107427e25c8f04c6eb32c0b38bc183,0x9319AF8bD79e47D36B62D1B68ED4127345f4645A,0xdAC17F958D2ee523a2206206994597C13D831ec7,0.0,0.122794818
ea87b8c9ba4c53222fef195fe4c1bc26f2ace852cb67ab02130b4f83e9abcb71,0x9642b23Ed1E01Df1092B92641051881a322F5D4E,0x5B5a4adBd35E87c6c5e309F3902fbCA83b7073af,0.015081,0.143219002
0328a13483063dc230b56e0c342db3c1e1341d97888381aea1357bf12dbd58a5,0x3ff8d98fe2cd35a641E10aC4965E5CD7c5dd25cA,0x278d858f05b94576C1E6f73285886876ff6eF8D2,0.0,0.153916141
4b18fdfc3e06c2102e114136011907346633ae7bdfa41471dfd9e587addd27e4,0xE7699f58Eb5947d58c09fC864eF5ac9046544952,0xE592427A0AEce92De3Edee1F18E0157C05861564,0.0,0.11933261
7381e39128f70d83786030945b027c69c74c2424c0c8abe0ff221e3d8898a9f0,0xFA8E25B534d8BFa2000b65548C4574365b340cc4,0xE592427A0AEce92De3Edee1F18E0157C05861564,0.0,0.11933261
270a272f47f19a49aece9a3f4e76172cdedb249ce127302e1ec42ce9f7af1ff2,0x74B0275A268958ac4eED54df34Ed7FEfef28E434,0xb02016102E7Ab27BcE2c3087392098A09c2f0f2A,0.0,0.114307754
6e3a761cb5fd976d9a72851054d063bfd09a8597b979e2c05a26091d4880f084,0x7930538f40e537C4431E6D5B2892ebeD13E8c219,0x278d858f05b94576C1E6f73285886876ff6eF8D2,0.0,0.113916141
e29c341dc5de112d6f55975ba6523ece8e71dc9418237ec8c468116b39480cae,0xf2e354133dCd42Ad031fc7810f50f82382F126f6,0x307576Dd4F73f91BB8c4A2EdB762938E8e067d31,0.096503200407601,0.114546649
b37c31c6febda88d1d888c945a4345a2ae38ba0736d4dde1b67c15897e4c621a,0x5BC1ffED35B6C0b3FdE9b244CA9106Ee09f50083,0xA26148AE51fa8E787DF319C04137602Cc018b521,0.76010449401519,0.11933261
632481ad3d564bdf7eac78a05d36158f23fbf03f05eb6b761fd1048058b805ec,0xA3f034c41B9e2BC99be30EF6dF440bfaF2ADCa98,0x278d858f05b94576C1E6f73285886876ff6eF8D2,0.0,0.153916141
e989769c0ee456143426f2709c50b083af05fa881572e04eee99a0edae2fdb6c,0xC4B7534F5FE247486a8B3dC6D971389d3cF0813b,0xdAC17F958D2ee523a2206206994597C13D831ec7,0.0,0.122794818
ea1945b13fa95b2636d2b04274950445669fd51f6e82a7b18033d31d5f783466,0x5882a9EA4cCF570aeE94aFF9a55306232ba2CF7E,0x6A000F20005980200259B80c5102003040001068,0.0,0.70391614
61770d559f14bf41eb555bc2b37a47f1f18167a61b0b05e1e56162619d94339e,0x03f341FD85E11bc5eC94964771453F9eB85b6962,0xb4acbC082b5e7dEd571c98EE4257778a9D784B36,0.0,0.25391614
3debdb36f34f4d52291cf4bbeef3c8248d0406fdf4b39da5fe182d5fe31d06d6,0x7bEf16275a88Bd9C3004DBd0b85Da65B08705c24,0xdAC17F958D2ee523a2206206994597C13D831ec7,0.0,0.114546649
781d052946edfd48fa2fbf831fe30e68bef97c4555c4155fbb0ccdd32528d15e,0x56E904A9C5ba5a9e9670E61b23FbeD6f476fa657,0x307576Dd4F73f91BB8c4A2EdB762938E8e067d31,0.024716923067833,0.114546649
6d9b6eda2fb59af3fc1f675587956eba3dd2178bd0c141f88989b0141441fbf5,0xAcb5d2cCB5d944123fB74a2DF71AEe57563E646e,0x087cC948300CE7566a8825c2BC1baFeA9DD6a625,1.02e-05,0.11191614
02b6612f8abf22020c8b0dc29d535f3915b2ebf9c51610a1c12c01026b37b5af,0xAcb5d2cCB5d944123fB74a2DF71AEe57563E646e,0xA4b4511eE84af3f7DDC01bBf78C982bCFe393cF5,1.02e-05,0.11191614
c6783e6bf27df6879e8f034c341ae736fdb722e415dd1ad9a6d8487cc387a227,0xAcb5d2cCB5d944123fB74a2DF71AEe57563E646e,0x74C942cF870106059135BE67Ad227F294961F605,1.02e-05,0.11191614
bce0a8355a32c95aa0c4f001a185a7bc83bd54c307ced94cd998ac6d37fcbb07,0xAcb5d2cCB5d944123fB74a2DF71AEe57563E646e,0x53A9aa46Dd2Ab7D7bfBC58Baea2da5DDEe1CB9b2,1.02e-05,0.11191614
92695b3e09d91af826617d13b77912f08056d18dba019b49642c5202f748d34b,0xAcb5d2cCB5d944123fB74a2DF71AEe57563E646e,0xf265117017A6aD5893412c69F9E323Daf6060BAE,1.02e-05,0.11191614
627a870391d6a21da5c1e2b6cd894f5d601ecaf0daeb01f0b3b838443ec648e4,0xAcb5d2cCB5d944123fB74a2DF71AEe57563E646e,0xd41627635c7fA19283e168Cd78Aa05991CA95E69,1.02e-05,0.11191614
766c5f3bfba60c86580eae44cb033067f6902214683858d901652367cc1a775d,0x122F90062549ff778806a15fA3B2a66973b9Ea1C,0xdAC17F958D2ee523a2206206994597C13D831ec7,0.0,0.11311614
3bc7036cecc10e110b498ace8161c472b1d37e1fdf3cde41001abeb15747b1a2,0xAcb5d2cCB5d944123fB74a2DF71AEe57563E646e,0xd071a497733e47F45219de8A8bd93fCd5d2AeDe9,1.02e-05,0.11191614
ee1528960c6f5132296ba4ba8b66da521f34feb8ba513c8c1998037704655280,0xAcb5d2cCB5d944123fB74a2DF71AEe57563E646e,0x9999375041eE6fe40c656DaE06b8003887cc812b,1.02e-05,0.11191614
cf71f54b939f33086aaa7de33679b3394211e6dd8a965ed2ea7e82c82c4cb9da,0xb8717ACe7CBAf8128c40fA005F841DEB1fc8cc9B,0x3831784823363C3141cfc00c31c248b10daC3bd5,1e-09,0.109311887
fbe414835b3960b092d3fedf4f27ab8b6309136b443dc7177b282cca216c6be3,0x66357be53BEb0c4E2ad6Ac1C59a06283E4Ea8e9d,0xD194DC4A1A105eA3bAc63D3F4aE1703345091EAA,1e-09,0.109311887
327043375ec2f5790e7fb2e3838f1c6e13a08519775c3f5ccab557dd4cb239a6,0x8F0d024E780b7e2FD633A4D6D43631A96E8cb059,0xA0b86991c6218b36c1d19D4a2e9Eb0cE3606eB48,0.0,0.114092081
9aa01be90b61d46227d403a4b6974e547487c2fc0240c74494bdfb7fabaa2a8c,0xa5CDa7a517Ca92D28D316Ea177f826777f60F3F5,0xb300000b72DEAEb607a12d5f54773D1C19c7028d,1.9945931232599972,0.11391614
55b762dc9e564223ca3505ba9f0347f4ca1eb321967ad71fbb064c4e8e9ee820,0x8B8F3CEeBbF3181F99B8818C58872B05C0Ab89d1,0x6131B5fae19EA4f9D964eAc0408E4408b66337b5,0.0,0.124268022
f45352f67bfeec17507e2d89efe52580c3ed20a6d2044d21bb0f3ecd1018ae02,0x92F6F73F475938F4082A494DA6f5cE44d364dC9b,0x3831784823363C3141cfc00c31c248b10daC3bd5,1e-09,0.109311887
987cbd4964486bbf29369b74f69017c537114fe2113790fb1e8a92d37a090bdc,0x510eD4D42ea65173e0446641a15A8600E8fA9BC8,0xE592427A0AEce92De3Edee1F18E0157C05861564,0.0,0.11933261
a632904f0f4ffba7f3581baa58658a892069e9ffdd2a3e765b2ae2b8d9ddef40,0xfa64bBDD3aCafc700787b6ac5A12A5D34563143e,0xdAC17F958D2ee523a2206206994597C13D831ec7,0.0,0.108680861
df59691a29c9f58950f36af0ac38623460d92990d3575980957e3be4d6f37016,0x1AB4973a48dc892Cd9971ECE8e01DcC7688f8F23,0xdAC17F958D2ee523a2206206994597C13D831ec7,0.0,0.105077138
aa855c249198f2fee0cae51233dbb2d5fb10b1e1b6ddfea7421662cde6925fb6,0xf3FF31fc2b32203437e44f39F94F48B16F7c31db,0x1AB4973a48dc892Cd9971ECE8e01DcC7688f8F23,0.015206871582,0.105077138
eeea62c93a29ea094506a16a0b8fc032f31c05442d84b9c8273c53405a8d76ea,0xBFc22cE4f7aDA5d1FCCb2421fbE879EEb5a85b35,0xdAC17F958D2ee523a2206206994597C13D831ec7,0.0,0.105077138
d4a72998236e91106726b1ae8942ee30a68a2fa97b454aaac59586469f419819,0xD466e4B84CE6512CDF2F1445Ff48e48d833c0A8a,0x45804880De22913dAFE09f4980848ECE6EcbAf78,0.0,0.10491614
5a91cdc1e7192762cb6ef80f0ceb4c2560420ba508d6b1c39aee309c20cba817,0x8F940a4D77Be5A9FA8c833b1601E0A680ccA93E0,0xdAC17F958D2ee523a2206206994597C13D831ec7,0.0,0.105077138
22f5cf0d3240cd41727f0155f09e2148edd65730bf2d9ce3128e3cb208b9f30c,0xBD43189615d99319F6BB180aadEc1FE60a9ae101,0x07964f135f276412b3182a3B2407b8dd45000000,0.0,0.218137351
85ea23fed88ceb4840c80b65086e733e771d595a1b796a57bb5e0e39c1db3b2f,0x6e7017E6991BC62297A1386598b5842DF93e50C0,0xA0b86991c6218b36c1d19D4a2e9Eb0cE3606eB48,0.0,0.104318635
199974be067fc0d250b86b61bd1afa386ea8256e07e6a5c2843032c0e5542a99,0x333333320bB4A0345a7a102C49c72B37647Aa088,0x4DE23f3f0Fb3318287378AdbdE030cf61714b2f3,0.0,0.12529639
624a19c0303bdbca7330f08dd22cfd845ae1d9c6f50f18bf8ed4193fe91a78c6,0x5791079caCB90F36DC45a8A8bC8afFB60e579600,0x5791079caCB90F36DC45a8A8bC8afFB60e579600,0.0,0.10491614
bc2edd3b1c4bd8bf16167ad24d8625f706260287b9f0a172e25c6844a36ac1ce,0xf30ba13e4b04Ce5dC4D254Ae5FA95477800F0EB0,0x4339487bDf71B56467576e72095E3914B85D2415,0.057,2.10391614
0e7003f65634cdbe65b7ef7c28ec3c16a522de27179bed0d0ddf4c265f437d0c,0xCDb03B940d24c723bF7e6816E53245Dfdb505638,0xA26148AE51fa8E787DF319C04137602Cc018b521,0.082713757907779,0.12740051
e6aefbdcca26cf0246334526997fb971a40f485c9552670acc249ba9333c03fe,0xa50a09fcB901816bc336B28Fa68abf51443a520b,0xB92841f5E924B1D955c8488C18Bb37688b40b30e,1.02e-05,0.11191614
210301a981715b96b09820d7826129b289b0d55bf5aaef17c75dce7460213475,0xb1E9D3E6Df6791f1B8cE95C1A03D37B4733195D3,0xc615F91a31791f1bF4ac7f7fdc60525bf1804186,0.0,0.104109338
dd2d27af21e2ea508ffc991bbf97d3e7b91743f906baf22a8edcfe4a339ca472,0x3b14f44E7B8F27CF960b95BF67f64c5eF0D6a6bF,0xa18653A2fE6f8A3d05927550dC9EaAa2292C12c2,1.02e-05,0.11191614
6c3d2f6c8df95ac4bdd34af1b9629edaa6a4e2501dffd9d389aa18464b8d87f0,0x95C93D3e0D387D0bf0BD3C1861092ca85B219826,0x4337084D9E255Ff0702461CF8895CE9E3b5Ff108,0.0,0.118985634
84a4b4bb760b427f8e751cd11cbbe0f4f78d8243c747c3efe05661ed5ba03ca8,0xaA8ba7D4611437141192e7ceCed531Bc0A133efb,0xdAC17F958D2ee523a2206206994597C13D831ec7,0.0,2.10391614
823daf8f57caca9a019fc9c82af8bd303b4dfc06f95477619d9f9a0051308d60,0x028f8EEcF36e2E85F3a746265D6c60D0d3917B85,0xb300000b72DEAEb607a12d5f54773D1C19c7028d,0.07091264,0.189760141
d252b24fc0b2f1b225fa554367966ef237ee978bf70ee33fbf7591fec7a67ca8,0x90D526929e4458e02b3389f383a288b14492f674,0x278d858f05b94576C1E6f73285886876ff6eF8D2,0.0,0.113916141
be54466550297d1d2c0407daa10e21bd1a266fb6ff074537dcf9b3c824d748f8,0xb960B334bdB28a58B650F0a047FaffA8Cd25884C,0x6A445E92Ba0aba665945cC273Fd9E1f822De4a75,0.0,0.107016428
da3d4bc834d06b9242cef9fae53a533545fbb0eda56d8c8d7079b12b136c55d1,0xdAd2882480891152Be85B4dd04A717670C87Ea82,0x423c00b97189AB19EF78ad81c18248a26A531bca,1.02e-05,0.11191614
b95441192252dac73560cceace3106d0a1639d66dcd2150ac46f62112b846c32,0xB27b3e620c87E7920c7dF0F9e8ec5f54DeC2F7f7,0xdaFc508595A3fF76aA9e56d9CCF935B7B90883b5,1.02e-05,0.11191614
64e50674970cbd907c9226990db5471c31746927fe3bd5b9b58b45e797df6987,0x8B108658Ea1c3939585e7d1f024A4692E7FfBd4e,0xf817056BeBda108C6eA1394FD875FF4f6BB75dd7,1.02e-05,0.11191614
28e1f38d0c20b3295725906e4617ac1bb6544a010fdcecde19c4c90af4547f58,0x4838B106FCe9647Bdf1E7877BF73cE8B0BAD5f97,0x2bf916f8169Ed2a77324d3E168284FC252aE4087,0.008105930011959821,0.10391614
